rok,stan_fips,stan_nazwa,populacja_total,pct_ponizej_18lat,pct_powyzej_65lat,mediana_dochodu_gosp_dom,pct_ubóstwo,pct_zatrudnieni,pct_bezrobocie,pct_dojazd_samochod,pct_dojazd_carpool,pct_dojazd_transport_pub,pct_dojazd_pieszo,pct_praca_z_domu,sredni_czas_dojazdu_min,pct_wyksztalcenie_srednie,pct_wyksztalcenie_wyzsze,pct_bez_ubezpieczenia,liczba_jednostek_mieszkalnych,pct_mieszkania_wynajmowane,liczba_gospodarstw_domowych,pct_gospodarstwa_z_dziecmi,pct_dostep_internet
2013,FIPS:28,Mississippi,2991207,52.3,,37963,19.0,51.3,6.1,84.0,10.3,0.4,1.5,1.9,23.6,20.4,2245235,82.9,1283192,32.8,1091002,,57.4
2013,FIPS:29,Missouri,6044171,51.7,0.0,46931,11.5,58.5,4.7,81.7,9.2,1.6,2.0,4.1,23.2,27.0,4625160,87.0,2719109,33.0,2362853,,69.8
2013,FIPS:30,Montana,1015165,50.2,0.6,46972,11.3,59.1,4.1,75.1,10.1,0.7,5.3,6.0,18.0,29.0,787251,83.5,485767,33.1,406288,,72.1
2013,FIPS:31,Nebraska,1868516,50.8,0.3,51440,8.8,66.4,3.2,81.5,9.3,0.8,2.7,4.4,18.1,29.4,1400412,88.7,806888,34.0,730579,,72.9
2013,FIPS:32,Nevada,2790136,49.9,0.0,51230,11.6,57.2,7.0,78.4,10.5,3.4,2.2,3.6,23.7,22.5,2121587,79.3,1186936,45.7,1002571,,75.6
2013,FIPS:33,New Hampshire,1323459,51.0,,64230,5.1,63.9,4.1,81.2,8.1,1.0,3.1,5.4,26.8,34.6,1051145,89.3,616496,29.8,519246,,80.9
2013,FIPS:34,New Jersey,8899339,51.9,0.0,70165,8.7,59.8,6.0,72.0,8.0,11.1,2.9,4.0,30.9,36.6,6869974,86.8,3578260,36.0,3176139,,79.1
2013,FIPS:35,New Mexico,2085287,50.8,0.1,43872,16.3,53.5,5.4,79.2,10.5,1.1,2.3,4.4,21.5,26.4,1569444,81.4,905134,32.1,753507,,64.4
2013,FIPS:36,New York,19651127,52.2,0.0,57369,12.1,57.9,5.5,52.8,6.9,27.9,6.4,4.0,32.1,34.1,15388848,89.3,8126399,46.3,7219356,,75.3
2013,FIPS:37,North Carolina,9848060,52.0,0.0,45906,13.1,55.8,6.0,81.1,10.0,1.1,1.9,4.5,23.9,28.4,7473808,84.4,4394515,35.7,3757480,,70.8
2013,FIPS:38,North Dakota,723393,49.0,1.7,55759,7.0,67.6,1.8,79.0,10.1,0.4,4.5,4.4,17.9,27.1,557235,89.6,339293,35.2,298298,,72.5
2013,FIPS:39,Ohio,11570808,51.8,0.0,48081,11.6,58.0,5.1,83.6,7.8,1.7,2.2,3.5,23.2,26.1,8914100,89.0,5124126,33.9,4564745,,71.2
2013,FIPS:40,Oklahoma,3850568,51.1,0.0,45690,12.5,57.2,3.8,83.4,9.7,0.5,1.7,3.4,21.3,23.8,2884823,82.3,1682358,34.5,1447277,,66.7
2013,FIPS:41,Oregon,3930065,51.0,0.0,50251,11.3,56.3,5.7,71.6,10.3,4.3,4.0,6.3,22.8,30.7,3068447,85.3,1684107,39.2,1523799,,77.5
2013,FIPS:42,Pennsylvania,12773801,51.7,0.0,52007,9.3,57.7,5.2,76.8,8.3,5.6,3.9,3.9,26.0,28.7,10053050,90.3,5565354,31.1,4938894,,72.4
2013,FIPS:44,Rhode Island,1051511,52.1,,55902,10.7,59.5,6.0,80.3,8.0,2.7,4.1,3.1,24.0,32.4,835904,88.4,461658,39.6,406366,,76.5
2013,FIPS:45,South Carolina,4774839,52.0,0.0,44163,14.1,54.6,5.7,82.9,9.0,0.7,2.5,3.3,23.7,26.1,3669343,84.2,2158784,31.8,1794989,,66.6
2013,FIPS:46,South Dakota,844877,50.2,7.2,48947,9.2,65.7,2.8,79.7,9.2,0.3,4.2,5.2,17.0,26.6,633343,88.7,370207,32.8,331406,,71.1
2013,FIPS:47,Tennessee,6495978,51.9,,44297,13.3,55.8,5.3,83.9,9.2,0.7,1.4,3.5,24.5,24.8,4986689,86.1,2840998,33.6,2490249,,67.0
2013,FIPS:48,Texas,26448193,50.8,0.0,51704,13.6,59.9,4.5,80.2,10.7,1.6,1.6,4.1,25.5,27.5,19318495,77.9,10256203,38.2,9110853,,71.8
2013,FIPS:50,Vermont,626630,51.3,,52578,7.8,62.2,3.8,75.4,9.7,1.2,5.3,6.8,22.5,35.7,502337,92.8,323936,29.0,253234,,75.3
2013,FIPS:49,Utah,2900872,50.2,0.0,59770,9.3,63.3,3.7,76.0,11.8,2.3,2.6,5.1,21.2,31.3,1999931,86.0,1006164,30.8,899475,,79.6
2013,FIPS:51,Virginia,8260405,51.4,0.0,62666,8.4,60.4,4.3,77.4,9.4,4.4,2.5,4.5,27.7,36.1,6293642,87.7,3412577,34.4,3055863,,75.8
2013,FIPS:53,Washington,6971406,50.4,0.0,58405,9.5,58.2,5.0,72.7,10.1,6.3,3.5,5.3,26.0,32.7,5326316,86.0,2928300,38.1,2644557,,78.9
2013,FIPS:54,West Virginia,1854304,51.1,,41253,13.5,49.7,4.6,81.5,10.8,0.7,2.8,3.1,25.8,18.9,1471008,86.0,879424,27.7,738653,,64.9
2013,FIPS:55,Wisconsin,5742713,50.7,0.0,51467,9.2,62.7,4.3,80.5,8.2,2.0,3.5,4.1,22.1,27.7,4434521,90.9,2633420,32.8,2289424,,73.0
2013,FIPS:56,Wyoming,582658,49.3,0.2,58752,8.4,64.4,3.4,77.1,10.8,1.5,4.6,3.7,17.5,26.6,440329,86.6,265471,30.9,224003,,75.5
2013,FIPS:01,Alabama,4833722,52.3,,42849,14.3,52.3,5.6,86.4,8.5,0.5,1.0,2.5,24.2,23.5,3712441,86.4,2190027,32.0,1822439,,63.5
2013,FIPS:02,Alaska,735132,47.2,0.0,72237,5.9,62.4,6.0,66.7,13.0,1.8,8.8,4.3,19.2,28.0,530433,81.5,307417,36.5,246015,,79.0
2013,FIPS:04,Arizona,6626624,50.7,0.0,48510,13.6,53.8,5.3,76.3,11.0,2.4,2.1,5.5,24.8,27.4,4996082,82.9,2892359,37.9,2400809,,73.9
2013,FIPS:05,Arkansas,2959373,51.5,0.0,40511,14.5,53.4,4.7,83.4,10.1,0.5,1.7,2.8,21.4,20.6,2243634,84.0,1329777,34.3,1125899,,60.9
2013,FIPS:06,California,38332521,50.7,0.0,60190,12.6,56.7,6.3,73.2,10.9,5.3,2.7,5.2,27.9,31.0,29027762,82.8,13791262,46.2,12650592,,77.9
2013,FIPS:08,Colorado,5268367,50.1,0.1,58823,8.7,62.4,4.7,74.7,9.7,3.3,2.9,6.9,24.6,37.8,3992340,85.9,2247291,35.5,2002800,,79.4
2013,FIPS:10,Delaware,925749,52.3,,57846,8.5,58.0,5.5,80.3,9.1,3.5,2.1,3.7,25.4,29.8,719383,90.9,412015,28.3,339071,,74.5
2013,FIPS:09,Connecticut,3596080,51.9,,67098,7.6,60.9,6.2,77.9,8.3,5.1,3.1,4.3,25.5,37.2,2802596,90.6,1488072,33.7,1339860,,77.5
2013,FIPS:12,Florida,19552860,51.7,0.0,46036,12.4,52.9,5.7,79.6,9.4,2.1,1.5,5.1,26.1,27.2,15471123,80.0,9047973,35.2,7211584,,74.3
2013,FIPS:13,Georgia,9992167,51.9,0.0,47829,14.5,55.9,6.4,79.6,10.3,2.1,1.5,4.9,27.0,28.3,7455459,81.2,4110162,37.3,3546965,,72.2
2013,FIPS:16,Idaho,1612136,50.4,0.1,46783,10.4,57.8,4.5,78.8,9.6,0.7,3.1,5.5,20.1,26.2,1182624,83.8,676192,30.6,588489,,73.2
2013,FIPS:15,Hawaii,1404054,49.7,,68020,7.1,57.0,3.7,67.6,13.5,6.1,4.2,4.4,26.8,31.2,1051250,93.3,526305,43.8,450120,,78.6
2013,FIPS:17,Illinois,12882135,51.5,0.0,56210,10.8,59.5,6.3,73.6,8.3,9.1,3.1,4.2,28.0,32.1,9843918,87.3,5289653,34.1,4783421,,74.0
2013,FIPS:18,Indiana,6570902,51.5,0.0,47529,11.9,58.7,5.0,83.0,8.8,1.2,2.0,3.3,23.2,23.8,4980863,86.0,2809640,31.5,2498395,,69.7
2013,FIPS:19,Iowa,3090416,51.1,0.0,52229,8.1,64.4,3.3,80.9,8.6,1.1,3.7,4.2,18.9,26.4,2365095,91.9,1349607,29.2,1236209,,72.2
2013,FIPS:20,Kansas,2893957,50.7,0.0,50972,9.6,62.2,3.9,82.4,9.1,0.5,2.5,4.0,19.1,31.1,2157934,87.7,1239755,33.9,1113729,,73.0
2013,FIPS:21,Kentucky,4395295,51.4,0.0,43399,14.5,54.2,5.0,82.8,9.6,1.1,2.3,3.2,22.6,22.6,3367777,85.7,1936634,32.6,1705623,,68.5
2013,FIPS:22,Louisiana,4625470,51.8,,44164,15.3,55.3,4.8,82.6,9.6,1.3,1.7,2.4,25.2,22.5,3498393,83.4,1990967,34.0,1728149,,64.8
2013,FIPS:23,Maine,1328302,51.6,,46974,9.6,58.5,4.4,77.4,10.6,0.7,3.9,5.7,23.3,28.2,1066267,88.8,723140,29.8,547686,,72.9
2013,FIPS:24,Maryland,5928814,52.2,0.0,72483,7.1,62.9,5.1,74.0,9.0,9.1,2.4,4.2,32.5,37.4,4557277,89.8,2404177,33.5,2161680,,78.9
2013,FIPS:25,Massachusetts,6692824,52.2,,66768,8.6,62.1,5.2,71.8,7.4,9.9,4.8,4.4,28.6,40.3,5295537,96.3,2813641,38.5,2536321,,79.6
2013,FIPS:26,Michigan,9895622,51.5,0.0,48273,12.3,55.2,6.0,82.4,8.8,1.5,2.2,3.8,24.0,26.9,7647944,89.0,4525266,29.4,3832466,,70.7
2013,FIPS:27,Minnesota,5420380,50.8,0.1,60702,7.2,66.1,3.8,78.4,8.6,3.6,2.9,4.9,23.0,33.5,4136411,91.8,2368754,28.4,2119954,,76.5
2014,FIPS:01,Alabama,4849377,52.4,0.0,42830,15.0,52.5,4.9,85.9,8.6,0.4,1.1,2.9,24.3,23.5,3728029,87.9,2208030,32.3,1841217,,65.8
2014,FIPS:02,Alaska,736732,47.1,0.0,71583,7.9,61.9,5.1,69.5,12.0,1.3,8.0,3.9,18.3,28.0,532759,82.8,308571,37.5,249659,,81.4
2014,FIPS:04,Arizona,6731484,50.8,0.0,50068,13.2,54.2,4.7,76.9,10.4,2.0,2.0,5.7,24.5,27.6,5092640,86.4,2909336,38.9,2428743,,75.5
2014,FIPS:05,Arkansas,2966369,51.5,,41262,13.8,54.2,3.9,82.5,10.9,0.3,1.8,3.3,21.7,21.4,2256473,88.2,1341081,34.2,1131288,,63.5
2014,FIPS:06,California,38802500,50.8,0.0,61933,12.2,57.4,5.3,73.5,10.5,5.3,2.7,5.4,28.1,31.7,29521047,87.6,13901594,46.3,12758648,,80.0
2014,FIPS:08,Colorado,5355866,50.1,0.1,61303,8.0,63.7,3.7,75.6,9.6,3.3,2.7,6.5,25.1,38.3,4078550,89.7,2276280,36.1,2039592,,81.2
2014,FIPS:10,Delaware,935614,52.2,,59716,8.5,58.5,4.2,81.5,7.6,2.9,2.2,4.4,24.6,30.6,729078,92.2,417413,29.7,349743,,75.5
2014,FIPS:09,Connecticut,3596677,51.9,,70048,7.5,61.6,5.3,78.1,8.1,4.8,3.1,4.6,25.4,38.0,2812617,93.1,1493632,33.6,1355817,,80.5
2014,FIPS:12,Florida,19893297,51.7,0.0,47463,12.0,53.6,4.7,79.7,9.1,2.1,1.4,5.4,26.4,27.3,15785763,83.4,9144650,35.9,7328046,,75.8
2014,FIPS:13,Georgia,10097343,52.0,0.0,49321,14.1,56.7,5.1,79.6,10.1,2.1,1.6,5.0,27.6,29.1,7558160,84.2,4151387,37.8,3587521,,73.4
2014,FIPS:16,Idaho,1634464,50.5,0.1,47861,10.2,58.1,3.4,78.9,9.8,0.8,2.2,6.2,20.3,25.0,1199074,86.4,685098,32.0,591587,,73.6
2014,FIPS:15,Hawaii,1419561,49.7,,69592,7.8,58.1,3.3,66.4,13.5,7.2,4.7,4.5,27.9,31.0,1071834,94.7,530118,43.3,450769,,80.6
2014,FIPS:17,Illinois,12880580,51.5,0.0,57444,10.5,60.0,5.3,73.4,8.0,9.4,3.1,4.4,28.6,32.8,9878277,90.3,5307508,34.5,4772421,,75.5
2014,FIPS:18,Indiana,6596855,51.5,0.0,49446,10.9,59.5,4.5,83.2,9.0,1.1,2.0,3.4,23.3,24.7,5011382,88.1,2829630,31.4,2502739,,71.4
2014,FIPS:19,Iowa,3107126,50.8,0.0,53712,7.9,64.7,3.0,80.8,8.6,1.0,3.4,4.8,18.8,27.7,2379623,93.8,1362034,29.1,1241471,,74.2
2014,FIPS:20,Kansas,2904021,50.7,0.1,52504,9.2,61.9,3.4,82.1,9.5,0.5,2.5,4.0,19.2,31.5,2164713,89.8,1248861,33.4,1109280,,74.5
2014,FIPS:21,Kentucky,4413457,51.4,0.0,42958,14.5,54.4,4.5,81.9,10.0,1.1,2.4,3.2,22.9,22.2,3383932,91.5,1950504,33.9,1712094,,68.9
2014,FIPS:22,Louisiana,4649676,51.8,,44555,14.9,55.2,4.4,82.2,9.8,1.4,1.9,2.6,25.4,22.9,3521216,85.2,2011037,35.6,1718194,,66.6
2014,FIPS:23,Maine,1330089,51.8,,49462,9.7,59.3,3.7,77.3,10.7,0.8,3.9,5.4,23.6,29.4,1070433,89.9,727693,28.7,549841,,74.9
2014,FIPS:24,Maryland,5976407,52.3,0.0,73971,7.1,62.7,4.8,73.9,9.3,9.0,2.3,4.1,32.3,38.2,4601090,92.1,2422317,34.1,2165438,,80.1
2014,FIPS:25,Massachusetts,6745408,52.2,0.0,69160,8.3,62.9,4.5,71.2,7.4,9.8,4.9,4.8,28.8,41.2,5350381,96.7,2828592,38.4,2549336,,80.5
2014,FIPS:26,Michigan,9909877,51.5,0.0,49847,11.4,55.9,5.0,82.3,8.9,1.5,2.2,3.7,24.3,27.4,7682851,91.5,4540088,29.8,3834574,,72.9
2014,FIPS:27,Minnesota,5457173,50.7,0.1,61481,7.5,66.3,3.3,77.7,8.8,3.7,2.9,5.1,23.4,34.3,4171400,94.1,2385261,28.3,2129195,,78.3
2014,FIPS:28,Mississippi,2994079,52.2,,39680,16.5,51.7,5.6,85.5,8.7,0.3,1.4,2.3,24.2,21.1,2251182,85.5,1294738,32.3,1095823,,59.1
2014,FIPS:29,Missouri,6063589,51.6,0.0,48363,10.7,58.1,4.2,81.8,8.9,1.6,2.1,4.4,23.1,27.5,4652461,88.3,2735803,33.1,2354809,,71.6
2014,FIPS:30,Montana,1023579,50.2,0.4,46328,9.5,60.1,3.1,74.7,10.4,1.1,4.6,7.1,17.9,29.3,795463,85.8,491515,33.6,410962,,72.9
2014,FIPS:31,Nebraska,1881503,50.8,0.3,52686,8.7,67.1,2.9,81.7,9.5,0.7,2.9,4.0,18.4,29.5,1409368,90.3,814957,34.1,740765,,74.8
2014,FIPS:32,Nevada,2839099,50.1,0.0,51450,11.0,57.7,5.6,77.6,10.4,4.3,2.1,3.2,23.8,23.1,2169202,84.8,1198969,46.4,1021519,,76.3
2014,FIPS:33,New Hampshire,1326813,51.1,,66532,6.0,64.4,3.5,81.4,7.8,0.7,2.6,6.0,27.0,35.0,1058141,90.8,619865,29.8,519756,,82.1
2014,FIPS:34,New Jersey,8938175,51.8,,71919,8.3,61.0,5.0,71.7,7.9,11.0,3.1,4.2,31.1,37.4,6917501,89.1,3591847,36.7,3194844,,80.9
2014,FIPS:35,New Mexico,2085572,50.9,0.0,44803,16.5,53.4,5.1,80.3,9.5,1.3,2.1,4.8,21.8,26.4,1575741,85.5,912910,33.1,760916,,67.5
2014,FIPS:36,New York,19746227,52.2,0.0,58878,12.2,58.5,4.6,53.1,6.5,28.3,6.3,3.9,32.6,34.5,15498859,91.3,8191528,47.0,7282398,,76.5
2014,FIPS:37,North Carolina,9943964,52.0,0.0,46556,12.8,56.3,5.1,81.4,9.7,1.1,1.8,4.7,23.9,28.7,7573326,86.9,4452464,35.8,3790620,,72.4
2014,FIPS:38,North Dakota,739482,49.0,1.5,59029,7.4,66.5,2.1,81.3,8.3,0.7,3.5,5.3,17.6,27.4,566668,92.1,350534,36.2,305431,,74.7
2014,FIPS:39,Ohio,11594163,51.7,0.0,49308,11.6,58.7,4.5,83.6,7.8,1.7,2.2,3.6,23.2,26.6,8950281,91.6,5147282,34.7,4593172,,73.9
2014,FIPS:40,Oklahoma,3878051,51.1,0.0,47529,12.2,57.3,3.4,82.3,10.5,0.4,1.7,3.6,21.3,24.2,2908631,84.6,1699556,34.9,1459759,,69.2
2014,FIPS:41,Oregon,3970239,51.0,0.0,51075,11.0,56.6,4.8,70.5,10.8,4.7,4.0,6.4,23.1,30.8,3108465,90.3,1700611,39.3,1535511,,78.9
2014,FIPS:42,Pennsylvania,12787209,51.7,0.0,53234,9.4,58.1,4.4,76.4,8.5,5.7,3.9,4.1,26.4,29.0,10083267,91.5,5590712,31.2,4945972,,73.9
2014,FIPS:44,Rhode Island,1055173,52.2,,54891,10.0,59.7,5.0,80.3,7.4,3.0,3.9,3.8,24.0,30.4,839652,92.6,462630,41.2,409654,,76.5
2014,FIPS:45,South Carolina,4832482,52.0,0.0,45238,13.2,54.9,4.9,82.7,9.3,0.7,2.2,3.4,24.1,26.3,3719245,86.4,2188258,32.0,1826914,,68.1
2014,FIPS:46,South Dakota,853175,50.2,7.3,50979,9.4,66.5,2.7,79.2,9.2,0.5,4.2,5.5,16.7,27.8,639250,90.2,376347,31.8,334475,,71.6
2014,FIPS:47,Tennessee,6549352,52.0,0.0,44361,13.7,55.7,4.7,83.4,9.2,0.9,1.5,3.7,24.5,25.3,5040995,88.0,2869419,33.9,2509665,,68.2
2014,FIPS:48,Texas,26956958,50.9,0.0,53035,13.4,60.2,3.9,80.4,10.6,1.6,1.6,4.0,25.6,27.8,19753531,80.9,10426760,38.8,9277197,,73.0
2014,FIPS:50,Vermont,626562,51.4,,54166,8.7,62.5,3.6,76.3,8.7,1.1,5.4,7.1,22.1,34.9,504214,95.0,325774,30.0,257229,,76.3
2014,FIPS:49,Utah,2942902,50.3,0.0,60922,8.5,64.0,3.3,76.0,11.8,2.5,2.4,5.5,21.6,31.1,2033220,87.5,1022593,30.8,918370,,81.7
2014,FIPS:51,Virginia,8326289,51.4,0.0,64902,8.3,60.6,3.9,77.7,9.3,4.7,2.2,4.4,28.1,36.7,6352059,89.1,3446585,34.7,3083820,,77.2
2014,FIPS:53,Washington,7061530,50.4,0.0,61366,8.8,59.1,4.1,72.4,10.1,6.3,3.5,5.5,26.8,33.1,5409997,90.8,2963293,38.3,2679601,,81.9
2014,FIPS:54,West Virginia,1850326,51.1,,41059,13.1,49.5,3.7,83.0,9.7,0.7,2.9,2.5,25.7,19.2,1466192,91.4,884574,27.8,735375,,66.2
2014,FIPS:55,Wisconsin,5757564,50.8,0.0,52622,9.0,63.3,3.5,80.9,8.2,1.9,3.2,4.1,21.9,28.4,4455877,92.7,2648342,33.4,2307685,,75.3
2014,FIPS:56,Wyoming,584153,49.2,0.1,57055,7.4,64.8,2.9,76.8,11.0,1.6,3.6,4.8,18.7,26.6,444076,88.0,268205,33.1,232594,,76.1
2015,FIPS:28,Mississippi,2992333,52.3,,40593,17.0,51.4,5.0,85.4,9.2,0.3,1.5,2.1,24.3,20.8,2253662,87.3,1300932,67.4,1104371,,61.0
2015,FIPS:29,Missouri,6083672,51.6,0.0,50238,10.2,59.4,3.3,81.8,8.7,1.6,1.9,4.8,23.6,27.8,4670930,90.2,2746644,66.1,2374180,,73.3
2015,FIPS:30,Montana,1032949,50.0,0.3,49509,9.3,59.0,2.8,74.5,10.4,0.8,5.6,6.0,18.0,30.6,803198,88.4,494222,66.7,414804,,75.0
2015,FIPS:31,Nebraska,1896190,50.7,0.2,54996,8.5,66.8,2.2,82.0,9.0,0.8,2.8,3.9,18.4,30.2,1420024,91.8,820925,65.9,744159,,78.1
2015,FIPS:32,Nevada,2890845,50.2,0.0,52431,10.9,58.1,5.0,77.8,10.5,3.7,2.2,3.7,24.2,23.6,2213809,87.7,1209864,54.0,1042065,,79.0
2015,FIPS:33,New Hampshire,1330608,51.0,,70303,5.0,64.7,2.9,81.1,7.5,0.9,2.7,6.5,27.6,35.7,1065371,93.7,622604,70.9,517615,,84.5
2015,FIPS:34,New Jersey,8958013,51.8,0.0,72222,8.1,60.8,4.3,71.8,7.5,11.6,3.3,4.1,31.3,37.6,6949555,91.3,3593722,63.0,3187963,,81.6
2015,FIPS:35,New Mexico,2085109,50.8,0.1,45382,14.8,53.6,4.3,81.4,9.0,0.9,2.3,4.8,21.7,26.5,1576068,89.1,914979,67.5,761797,,67.2
2015,FIPS:36,New York,19795791,52.1,0.0,60850,11.6,59.0,4.1,52.7,6.6,28.6,6.3,4.0,33.1,35.0,15559562,92.9,8207161,53.1,7233694,,77.8
2015,FIPS:37,North Carolina,10042802,52.0,0.0,47830,11.8,56.8,4.2,81.4,9.4,1.1,1.8,5.0,24.3,29.4,7679713,88.8,4491090,63.9,3843745,,74.1
2015,FIPS:38,North Dakota,756928,48.6,1.4,60557,6.9,67.1,1.8,82.0,8.6,0.4,3.8,4.5,16.6,29.1,579034,92.2,362889,61.7,313475,,76.3
2015,FIPS:39,Ohio,11613423,51.7,0.0,51075,10.7,59.1,4.0,83.2,7.8,1.8,2.4,3.7,23.4,26.8,8976756,93.5,5156546,65.4,4606655,,76.1
2015,FIPS:40,Oklahoma,3911338,51.0,0.0,48568,11.7,57.4,3.3,82.5,10.2,0.4,1.7,3.7,21.4,24.6,2932482,86.1,1711515,65.3,1465951,,70.8
2015,FIPS:41,Oregon,4028977,51.0,0.1,54148,9.9,57.6,4.2,71.2,10.2,4.8,3.8,6.3,23.6,32.2,3165858,93.0,1718509,61.1,1553205,,80.8
2015,FIPS:42,Pennsylvania,12802503,51.7,0.0,55702,9.1,58.6,3.9,76.3,8.5,5.7,3.9,4.2,26.8,29.7,10107183,93.6,5603051,68.7,4956037,,75.7
2015,FIPS:44,Rhode Island,1056298,52.2,,58073,10.1,60.3,4.0,79.0,9.7,2.9,3.7,3.3,24.7,32.7,841955,94.3,462555,59.0,407484,,78.2
2015,FIPS:45,South Carolina,4896146,52.1,0.0,47238,12.1,55.1,4.3,83.0,9.3,0.5,2.0,3.8,24.2,26.8,3778952,89.1,2210150,68.1,1857768,,69.9
2015,FIPS:46,South Dakota,858469,50.2,7.0,53017,8.3,65.1,2.7,80.6,8.4,0.8,3.1,5.8,16.9,27.5,646426,89.8,380307,68.2,339437,,75.3
2015,FIPS:47,Tennessee,6600299,51.9,0.0,47275,12.3,56.8,3.8,83.9,9.0,0.8,1.2,3.8,24.8,25.7,5087320,89.7,2892407,65.8,2530260,,70.2
2015,FIPS:48,Texas,27469114,50.9,0.0,55653,12.2,60.3,3.5,80.8,10.2,1.5,1.6,4.4,26.3,28.4,20163908,82.9,10588236,61.1,9421412,,74.3
2015,FIPS:50,Vermont,626042,51.2,,56990,5.8,62.9,2.5,76.9,8.2,1.3,5.8,6.1,23.0,36.9,505626,96.2,326874,70.7,254865,,78.7
2015,FIPS:49,Utah,2995919,50.2,0.0,62912,8.3,64.9,2.7,75.8,11.2,2.7,2.8,5.5,21.3,31.8,2080608,89.5,1038065,68.9,930980,,83.1
2015,FIPS:51,Virginia,8382993,51.3,0.0,66262,7.8,60.7,3.5,77.5,9.1,4.7,2.3,4.6,28.2,37.0,6393937,90.9,3468952,65.0,3106895,,78.6
2015,FIPS:53,Washington,7170351,50.3,0.0,64129,7.9,59.2,3.8,72.4,9.8,6.2,3.7,5.6,27.1,34.2,5512875,93.4,2991584,62.4,2728573,,83.9
2015,FIPS:54,West Virginia,1844128,51.1,,42019,13.5,49.0,3.9,82.7,8.7,1.1,2.7,3.2,25.5,19.6,1463863,94.0,885539,72.3,734536,,69.8
2015,FIPS:55,Wisconsin,5771337,50.8,0.0,55638,7.9,64.0,2.8,81.2,7.9,1.9,3.2,4.1,22.0,28.4,4476648,94.3,2656669,66.8,2319538,,76.9
2015,FIPS:56,Wyoming,586107,49.8,0.1,60214,6.7,64.1,3.3,77.3,10.0,2.2,4.6,4.2,19.0,26.2,444435,88.5,269469,68.0,228937,,77.8
2015,FIPS:01,Alabama,4858979,52.3,0.0,44765,13.7,52.6,4.1,85.5,9.0,0.3,1.1,3.2,24.6,24.2,3741136,89.9,2218391,67.9,1846390,,68.3
2015,FIPS:02,Alaska,738432,47.0,0.1,73355,7.0,62.1,5.3,67.9,12.6,1.5,7.9,4.4,19.2,29.7,534293,85.1,309453,63.9,250185,,81.7
2015,FIPS:04,Arizona,6828065,50.8,0.0,51492,12.5,54.5,4.0,77.1,10.6,2.1,2.1,5.5,25.1,27.7,5188920,89.2,2929173,61.9,2463008,,78.1
2015,FIPS:05,Arkansas,2978204,51.6,0.0,41995,13.7,54.0,3.3,82.6,10.8,0.5,1.8,3.1,22.1,21.8,2267419,90.5,1347598,65.2,1144663,,64.2
2015,FIPS:06,California,39144818,50.8,0.0,64500,11.3,58.1,4.6,73.9,10.0,5.2,2.7,5.5,28.9,32.3,29905521,91.4,13988399,53.6,12896357,,81.3
2015,FIPS:08,Colorado,5456574,50.0,0.1,63909,7.6,63.8,3.5,76.5,8.4,3.0,2.8,7.1,25.4,39.2,4168802,91.9,2309122,63.7,2074735,,83.0
2015,FIPS:10,Delaware,945934,52.3,,61255,8.7,58.5,3.6,81.4,7.9,2.7,2.2,4.7,26.0,30.9,738861,94.1,421734,70.8,352595,,77.4
2015,FIPS:09,Connecticut,3590886,51.9,0.0,71346,7.4,61.8,4.6,78.4,7.8,4.9,3.0,4.8,26.4,38.3,2819495,94.0,1496056,66.2,1343703,,82.0
2015,FIPS:12,Florida,20271272,51.7,0.0,49426,11.3,54.0,4.1,79.7,8.9,2.2,1.4,5.6,27.0,28.4,16114409,86.7,9210287,63.8,7463184,,77.5
2015,FIPS:13,Georgia,10214860,52.1,,51244,13.0,57.6,4.4,79.6,9.9,2.3,1.5,5.1,28.0,29.9,7664716,86.1,4182228,61.8,3656407,,74.8
2015,FIPS:16,Idaho,1654930,50.5,0.0,48275,10.9,58.6,3.3,77.1,10.8,0.8,3.2,6.2,20.5,26.0,1217452,89.0,692482,69.0,597421,,76.7
2015,FIPS:15,Hawaii,1431603,49.5,0.0,73486,6.9,58.6,3.0,67.4,13.5,7.0,4.1,4.6,27.4,31.4,1075945,96.0,532413,56.6,445936,,82.2
2015,FIPS:17,Illinois,12859995,51.5,0.0,59588,9.8,60.5,4.5,73.6,7.9,9.3,3.0,4.4,28.8,32.9,9882240,92.9,5317618,65.3,4794523,,76.9
2015,FIPS:18,Indiana,6619680,51.4,0.0,50532,10.2,59.8,3.7,83.1,8.6,1.1,2.3,3.6,23.3,24.9,5036933,90.4,2841450,68.2,2515143,,73.3
2015,FIPS:19,Iowa,3123899,50.9,0.1,54736,7.7,64.6,2.8,81.0,8.6,1.4,3.4,4.1,19.0,26.8,2393796,95.0,1369379,70.7,1247249,,75.0
2015,FIPS:20,Kansas,2911641,50.6,0.1,53906,8.4,62.4,3.0,82.6,8.9,0.6,2.3,4.2,19.0,31.7,2171515,90.9,1253889,66.4,1111582,,76.2
2015,FIPS:21,Kentucky,4425092,51.4,0.0,45215,14.0,54.6,3.8,82.1,9.7,1.1,2.5,3.1,23.3,23.3,3401668,94.0,1957133,66.3,1716168,,70.9
2015,FIPS:22,Louisiana,4670724,51.9,0.0,45727,14.7,55.4,4.2,82.8,9.0,1.5,2.0,2.8,25.3,23.2,3539506,88.1,2024737,64.6,1737908,,68.7
2015,FIPS:23,Maine,1329328,51.7,,51494,8.9,58.7,3.3,79.7,8.7,0.6,3.8,5.7,24.0,30.1,1071677,91.6,729392,71.0,545226,,77.1
2015,FIPS:24,Maryland,6006401,52.3,0.0,75847,6.7,63.0,3.7,73.8,8.9,9.0,2.6,4.4,32.6,38.8,4627471,93.4,2434465,65.9,2177934,,81.4
2015,FIPS:25,Massachusetts,6794422,52.1,0.0,70628,7.9,63.1,3.9,70.2,7.4,10.6,5.0,4.8,29.7,41.5,5402622,97.2,2845805,61.7,2559951,,82.6
2015,FIPS:26,Michigan,9922576,51.4,0.0,51084,11.1,56.5,4.4,82.8,8.7,1.3,2.3,3.6,24.4,27.8,7710671,93.9,4550324,70.4,3858532,,74.4
2015,FIPS:27,Minnesota,5489594,50.8,0.1,63488,6.3,67.0,2.9,78.1,8.3,3.6,2.7,5.5,23.4,34.7,4205120,95.5,2397081,70.9,2147262,,79.5
2016,FIPS:28,Mississippi,2988726,52.5,,41754,16.5,52.3,4.4,84.6,9.8,0.3,1.4,2.2,24.3,21.8,2254221,88.2,1307492,67.3,1091245,,70.7
2016,FIPS:29,Missouri,6093000,51.5,0.0,51746,9.8,59.5,3.1,81.7,8.7,1.4,1.8,5.2,23.7,28.5,4681723,91.1,2760226,66.1,2372190,,79.3
2016,FIPS:30,Montana,1042520,50.0,0.4,50027,8.0,60.1,3.0,76.0,9.2,0.7,5.7,6.4,17.5,31.0,810835,91.9,497749,68.0,416125,,78.9
2016,FIPS:31,Nebraska,1907116,50.6,0.2,56927,7.4,66.6,2.5,82.0,9.0,0.6,2.5,4.4,18.6,31.4,1427359,91.4,827191,65.3,747562,,81.6
2016,FIPS:32,Nevada,2940058,50.2,0.0,55180,10.2,58.8,4.2,78.8,10.2,3.4,1.7,4.2,24.1,23.5,2256009,88.6,1221759,54.9,1055158,,80.9
2016,FIPS:33,New Hampshire,1334795,50.7,,70936,4.0,65.0,2.4,79.7,8.6,0.9,3.1,6.3,26.9,36.6,1072310,94.1,625337,70.1,520643,,86.4
2016,FIPS:34,New Jersey,8944469,51.8,,76126,7.6,61.3,3.9,70.8,8.4,11.8,2.9,4.4,31.7,38.6,6950863,92.0,3604688,63.2,3194519,,84.2
2016,FIPS:35,New Mexico,2081015,51.0,0.1,46748,15.3,53.3,4.3,80.0,9.4,1.4,2.3,5.1,21.9,27.2,1582264,90.8,917641,67.4,758364,,73.7
2016,FIPS:36,New York,19745289,52.2,0.0,62909,10.9,59.2,3.7,52.6,6.5,28.4,6.2,4.3,33.4,35.7,15543712,93.9,8232039,53.3,7209054,,81.7
2016,FIPS:37,North Carolina,10146788,52.1,0.0,50584,11.2,57.2,3.8,81.3,9.2,1.0,1.7,5.4,24.4,30.4,7773032,89.6,4540697,64.2,3882423,,79.0
2016,FIPS:38,North Dakota,757953,48.7,1.4,60656,6.4,67.9,2.0,80.2,9.9,0.5,2.9,5.1,17.4,29.6,576717,93.0,368545,63.2,315134,,81.4
2016,FIPS:39,Ohio,11614373,51.6,0.0,52334,10.5,59.5,3.6,83.1,7.5,1.6,2.3,4.3,23.4,27.5,8996453,94.4,5164400,65.4,4624669,,80.9
2016,FIPS:40,Oklahoma,3923561,51.1,0.0,49176,11.5,56.9,3.6,82.6,9.5,0.5,1.7,4.3,21.4,25.2,2946564,86.2,1721072,64.9,1469342,,77.2
2016,FIPS:41,Oregon,4093465,51.0,0.0,57532,8.5,58.3,3.5,72.4,9.7,4.4,3.6,6.6,23.9,32.7,3222540,93.8,1732887,61.7,1571678,,84.9
2016,FIPS:42,Pennsylvania,12784227,51.6,0.0,56907,8.6,58.5,3.6,76.1,8.4,5.6,3.6,4.8,26.9,30.8,10103498,94.4,5611995,68.5,4937771,,80.5
2016,FIPS:44,Rhode Island,1056426,52.2,,60596,9.2,59.7,3.8,80.3,8.4,2.4,3.6,4.3,24.8,34.1,844406,95.7,462598,58.0,408239,,82.8
2016,FIPS:45,South Carolina,4961119,52.2,0.0,49501,10.8,55.9,3.7,82.5,9.3,0.6,2.1,4.1,24.7,27.2,3828451,90.0,2236262,68.6,1877887,,77.0
2016,FIPS:46,South Dakota,865454,50.2,7.5,54467,8.2,65.0,2.6,79.9,8.9,0.5,3.8,5.5,16.6,28.9,649687,91.3,383827,67.2,334003,,79.5
2016,FIPS:47,Tennessee,6651194,52.0,0.0,48547,11.6,56.8,3.3,83.5,8.6,0.7,1.3,4.7,25.1,26.1,5127532,91.0,2919698,65.1,2556332,,76.7
2016,FIPS:48,Texas,27862596,50.9,0.0,56565,12.0,60.5,3.6,80.5,10.1,1.4,1.6,4.8,26.5,28.9,20481578,83.4,10754268,61.1,9535612,,80.5
2016,FIPS:50,Vermont,624594,51.2,,57677,7.7,62.5,2.6,75.6,8.0,1.5,5.9,7.0,23.1,36.4,505417,96.3,329539,69.8,254851,,81.1
2016,FIPS:49,Utah,3051217,50.0,0.0,65977,7.2,65.2,2.8,75.8,11.0,2.7,2.7,6.1,21.6,32.6,2123898,91.2,1054242,69.9,943147,,85.4
2016,FIPS:51,Virginia,8411808,51.4,0.0,68114,7.6,60.9,3.2,76.9,9.5,4.1,2.6,5.0,28.5,38.1,6430786,91.3,3491185,65.3,3120692,,83.4
2016,FIPS:53,Washington,7288000,50.4,0.0,67106,7.1,59.8,3.4,72.1,9.9,6.4,3.7,5.9,27.8,35.1,5613449,94.0,3025802,62.5,2768076,,87.4
2016,FIPS:54,West Virginia,1831102,51.2,0.0,43385,12.9,49.4,4.1,81.6,9.2,1.1,3.2,4.0,25.4,20.8,1453387,94.7,886710,72.4,722125,,74.2
2016,FIPS:55,Wisconsin,5778709,50.7,0.0,56811,7.7,63.8,2.7,80.7,8.2,1.7,3.0,4.7,21.9,29.5,4490477,94.7,2668443,66.7,2326998,,81.3
2016,FIPS:56,Wyoming,585501,49.1,,59882,6.3,62.6,3.7,77.8,9.0,1.5,4.6,5.8,16.9,27.1,442250,88.5,270625,68.8,223619,,83.2
2016,FIPS:01,Alabama,4863300,52.4,0.0,46257,12.7,53.3,3.6,86.1,8.0,0.3,1.2,3.3,24.6,24.7,3750408,90.9,2230180,68.5,1852518,,74.7
2016,FIPS:02,Alaska,741894,47.5,0.0,76440,6.7,62.1,5.4,69.0,12.2,1.2,7.6,5.2,18.0,29.6,538882,86.0,310672,64.5,248468,,85.7
2016,FIPS:04,Arizona,6931071,50.7,0.0,53558,11.9,55.3,3.8,76.5,11.0,1.9,1.8,6.3,25.3,28.9,5282856,90.0,2961136,63.2,2519052,,83.1
2016,FIPS:05,Arkansas,2988248,51.6,,44334,12.4,54.4,2.9,83.1,10.2,0.3,2.0,3.2,21.2,22.4,2276609,92.1,1354801,64.6,1142718,,70.9
2016,FIPS:06,California,39250017,50.8,0.0,67739,10.5,58.8,4.1,73.6,10.3,5.1,2.7,5.8,29.4,32.9,30033096,92.7,14061375,53.6,12944178,,85.4
2016,FIPS:08,Colorado,5540545,50.0,0.1,65685,7.0,64.0,3.2,75.0,9.0,2.9,3.0,7.9,25.0,39.9,4245260,92.5,2339140,64.8,2108992,,86.9
2016,FIPS:10,Delaware,952065,52.3,,61757,8.1,57.6,3.5,81.0,9.0,2.7,1.9,4.5,26.1,31.0,745299,94.3,426154,69.8,351085,,83.3
2016,FIPS:09,Connecticut,3576452,51.8,,73433,6.8,62.1,4.2,77.7,8.2,4.9,2.7,5.2,26.3,38.6,2816329,95.1,1499145,64.8,1357269,,84.1
2016,FIPS:12,Florida,20612439,51.7,0.0,50860,10.5,54.4,3.5,79.2,9.2,2.1,1.5,6.0,27.4,28.6,16404755,87.5,9302140,64.1,7573456,,81.2
2016,FIPS:13,Georgia,10310371,52.1,0.0,53559,12.0,58.6,3.7,79.3,9.6,2.1,1.6,5.6,28.5,30.5,7751335,87.1,4219103,61.5,3686135,,80.7
2016,FIPS:16,Idaho,1683140,50.5,0.1,51807,10.0,58.8,2.9,79.3,9.6,0.6,2.6,5.9,20.9,27.6,1243592,89.9,700829,68.5,610872,,79.4
2016,FIPS:15,Hawaii,1428557,50.1,0.0,74511,6.0,59.6,2.8,66.9,13.6,6.7,4.7,4.9,27.4,31.9,1082465,96.5,537170,57.2,455868,,83.2
2016,FIPS:17,Illinois,12801539,51.4,0.0,60960,9.5,61.0,4.1,73.1,7.7,9.4,3.0,4.9,28.9,34.0,9860983,93.5,5327165,65.3,4822046,,82.0
2016,FIPS:18,Indiana,6633053,51.4,0.0,52314,9.6,60.4,3.2,83.2,8.5,1.0,2.1,3.8,23.6,25.6,5052048,91.9,2854595,68.3,2533270,,79.2
2016,FIPS:19,Iowa,3134693,50.9,0.0,56247,7.6,64.8,2.7,81.2,8.2,1.1,3.4,4.7,19.0,28.4,2406147,95.7,1380087,70.6,1247932,,79.6
2016,FIPS:20,Kansas,2907289,50.7,0.0,54935,7.9,62.7,2.9,82.2,8.9,0.5,2.5,4.5,19.4,32.8,2177388,91.3,1259870,65.7,1110407,,80.3
2016,FIPS:21,Kentucky,4436974,51.5,0.0,46659,14.0,55.2,3.5,82.2,9.3,1.1,2.1,3.7,23.3,23.4,3410542,94.9,1965577,66.8,1717706,,77.3
2016,FIPS:22,Louisiana,4681666,51.8,,45146,15.4,54.8,4.1,82.9,9.3,1.3,1.7,3.1,25.0,23.4,3548140,89.7,2037067,64.3,1720801,,74.4
2016,FIPS:23,Maine,1331479,51.6,,53079,7.6,59.4,2.8,79.3,9.0,0.7,4.0,5.8,23.9,30.1,1074694,92.0,730786,71.9,531660,,80.7
2016,FIPS:24,Maryland,6016447,52.3,0.0,78945,6.3,63.8,3.6,73.8,9.0,8.5,2.5,4.7,32.8,39.3,4641766,93.9,2447211,65.9,2194657,,85.8
2016,FIPS:25,Massachusetts,6811779,52.1,0.0,75297,7.3,63.7,3.5,70.1,7.6,10.1,4.8,5.1,29.6,42.7,5427313,97.5,2858087,62.0,2579398,,85.5
2016,FIPS:26,Michigan,9928300,51.4,0.0,52492,10.2,57.3,3.8,82.4,8.9,1.4,2.1,4.0,24.5,28.3,7733297,94.6,4560164,70.3,3884153,,80.5
2016,FIPS:27,Minnesota,5519952,50.7,0.1,65599,5.9,66.8,2.7,77.8,8.6,3.6,2.6,5.8,23.5,34.8,4228969,95.9,2409701,71.3,2148725,,83.5
2017,FIPS:28,Mississippi,2984100,15.6,38.0,43529,14.9,52.2,3.9,85.5,9.1,0.3,1.4,2.3,24.9,21.9,2259367,88.0,1323754,68.5,1091980,,73.4
2017,FIPS:29,Missouri,6113532,16.5,11.4,53578,9.2,59.8,2.9,82.2,8.4,1.3,1.9,5.1,23.7,29.1,4709306,90.9,2792445,67.0,2385135,,81.3
2017,FIPS:30,Montana,1050493,18.1,0.4,53386,7.7,61.3,2.2,76.5,8.9,0.8,4.9,6.5,18.1,32.3,818256,91.5,510408,69.2,423091,,81.3
2017,FIPS:31,Nebraska,1920076,15.4,4.6,59970,7.2,67.4,2.3,81.7,9.1,0.7,2.7,4.7,18.5,31.7,1440800,91.7,837540,66.3,754490,,84.4
2017,FIPS:32,Nevada,2998039,15.3,9.2,58003,9.1,59.6,3.8,78.5,9.8,3.1,1.9,4.3,24.2,24.9,2306248,88.8,1249733,56.6,1094613,,83.4
2017,FIPS:33,New Hampshire,1342795,17.6,1.7,73381,4.9,65.1,2.6,80.9,8.3,0.7,2.4,6.2,27.3,36.9,1082314,94.2,634689,69.8,528700,,88.4
2017,FIPS:34,New Jersey,9005644,15.7,13.5,80088,7.3,61.8,3.5,71.0,7.9,11.8,2.9,4.6,32.1,39.7,7018171,92.3,3615891,63.8,3218798,,86.8
2017,FIPS:35,New Mexico,2088070,16.8,2.1,46744,15.2,52.6,3.7,79.4,10.6,1.1,2.0,5.1,22.3,27.1,1589960,90.9,937976,67.9,767705,,76.4
2017,FIPS:36,New York,19849399,15.9,15.8,64894,10.4,59.6,3.5,53.1,6.3,28.1,6.2,4.3,33.7,36.0,15671619,94.3,8327621,53.8,7304332,,83.4
2017,FIPS:37,North Carolina,10273419,15.9,21.5,52752,10.6,58.0,3.2,81.1,8.9,1.0,1.7,6.1,24.9,31.3,7878846,89.3,4622656,65.4,3955069,,81.6
2017,FIPS:38,North Dakota,755393,14.9,3.1,61843,6.1,67.9,2.1,81.6,8.2,0.5,3.8,4.6,16.5,30.7,575151,92.5,374591,63.4,316306,,81.3
2017,FIPS:39,Ohio,11658609,16.6,12.4,54021,9.8,59.6,3.2,83.3,7.7,1.5,2.1,4.2,23.6,28.0,9047437,94.0,5201701,65.8,4667192,,83.2
2017,FIPS:40,Oklahoma,3930864,15.3,7.3,50051,11.6,57.2,3.2,82.3,9.8,0.3,1.9,4.3,21.9,25.5,2953147,85.8,1734074,65.5,1470364,,79.7
2017,FIPS:41,Oregon,4142776,17.1,1.9,60212,8.8,59.1,3.2,71.7,9.7,4.5,3.7,7.4,24.3,33.7,3266071,93.2,1768582,62.8,1603635,,86.8
2017,FIPS:42,Pennsylvania,12805537,17.8,11.2,59195,8.1,59.0,3.3,76.2,8.5,5.3,3.5,5.0,27.1,31.4,10134279,94.5,5694402,68.3,5008751,,81.5
2017,FIPS:44,Rhode Island,1059639,16.7,6.3,63870,7.9,61.3,3.7,79.4,9.4,2.2,3.6,4.5,25.1,33.5,849171,95.4,468266,60.8,408748,,85.5
2017,FIPS:45,South Carolina,5024369,17.2,27.0,50570,11.3,56.1,3.5,81.8,9.5,0.5,2.1,4.7,24.6,28.0,3890364,89.0,2284820,68.7,1905100,,79.2
2017,FIPS:46,South Dakota,869666,16.3,2.0,56521,8.4,65.1,2.4,81.2,7.8,0.7,3.4,5.8,17.3,28.1,653291,90.9,392650,67.7,344260,,80.6
2017,FIPS:47,Tennessee,6715984,15.9,16.7,51340,10.9,58.1,3.0,83.2,8.8,0.6,1.3,4.9,25.1,27.3,5189066,90.5,2958799,65.4,2588655,,79.4
2017,FIPS:48,Texas,28304596,12.2,12.1,59206,11.3,60.7,3.3,80.6,9.8,1.4,1.5,5.1,26.5,29.6,20855881,82.7,10933375,62.0,9623874,,83.3
2017,FIPS:50,Vermont,623657,18.8,1.3,57513,7.0,62.8,2.5,74.9,9.2,1.5,5.7,7.1,23.2,38.3,505237,95.4,335248,69.5,256629,,81.4
2017,FIPS:49,Utah,3101833,10.8,1.2,68358,6.7,66.0,2.4,76.1,10.7,2.3,2.4,6.8,22.0,34.6,2172801,90.8,1084685,69.9,975448,,87.8
2017,FIPS:51,Virginia,8470020,15.0,19.2,71535,7.1,61.1,2.9,77.4,8.7,4.2,2.6,5.4,28.6,38.7,6488680,91.2,3512917,66.6,3120880,,84.8
2017,FIPS:53,Washington,7405743,15.1,3.7,70979,7.1,60.6,3.1,71.7,10.2,6.5,3.4,6.3,27.9,35.5,5710964,93.9,3103263,62.8,2840377,,89.1
2017,FIPS:54,West Virginia,1815857,19.3,4.0,43469,14.1,48.8,3.5,82.8,9.0,0.9,2.9,3.3,26.0,20.2,1440967,93.9,892240,72.5,715308,,76.0
2017,FIPS:55,Wisconsin,5795483,16.5,6.4,59305,7.1,63.9,2.3,81.1,7.6,1.8,3.0,4.9,22.2,30.4,4513009,94.6,2695303,66.6,2350293,,83.3
2017,FIPS:56,Wyoming,579315,15.6,1.0,60434,7.6,61.9,3.4,77.9,10.2,0.6,3.6,5.3,17.6,27.6,437821,87.7,276733,70.8,225796,,83.7
2017,FIPS:01,Alabama,4874747,16.5,26.8,48123,12.8,52.9,3.3,85.7,8.5,0.4,1.2,3.4,24.6,25.5,3767665,90.6,2258669,68.0,1841665,,78.1
2017,FIPS:02,Alaska,739795,11.2,3.0,73181,7.4,60.2,4.9,69.3,11.8,1.7,7.4,4.6,19.6,28.8,538005,86.3,316968,63.5,250741,,86.1
2017,FIPS:04,Arizona,7016270,17.1,4.4,56581,10.7,56.1,3.5,76.5,11.0,1.8,2.0,6.3,25.6,29.4,5364972,89.9,2999185,64.7,2552972,,85.7
2017,FIPS:05,Arkansas,3004279,16.5,15.3,45869,11.6,54.6,3.2,83.3,9.9,0.3,1.8,3.7,21.6,23.4,2290421,92.1,1370109,65.3,1153082,,73.0
2017,FIPS:06,California,39536653,13.9,5.7,71805,9.6,59.5,3.7,73.9,10.0,5.0,2.6,6.0,29.8,33.6,30351316,92.8,14177270,54.8,13005097,,87.7
2017,FIPS:08,Colorado,5607154,13.8,4.1,69117,6.7,64.6,2.8,74.9,8.6,3.2,2.7,8.5,25.9,41.2,4310059,92.5,2385495,65.2,2139207,,88.2
2017,FIPS:10,Delaware,961939,18.0,21.9,62852,9.2,55.8,3.1,82.0,7.1,2.2,2.2,5.2,26.5,31.5,754546,94.6,432853,70.9,357937,,86.2
2017,FIPS:09,Connecticut,3588184,16.8,10.6,74168,6.4,61.4,4.0,78.3,7.9,4.7,2.8,5.1,26.4,38.7,2836991,94.5,1517495,66.2,1356762,,85.5
2017,FIPS:12,Florida,20984400,20.1,16.2,52594,10.1,54.9,3.2,79.4,9.1,1.7,1.4,6.1,27.8,29.7,16731122,87.1,9441585,65.2,7689964,,83.2
2017,FIPS:13,Georgia,10429379,13.4,31.6,56183,11.1,59.1,3.6,78.7,9.9,2.1,1.6,5.8,28.8,30.9,7867010,86.6,4282254,62.9,3745074,,82.7
2017,FIPS:16,Idaho,1716943,15.3,0.7,52225,8.6,59.2,2.6,79.1,10.2,0.6,2.3,5.7,21.0,26.8,1269341,89.9,721818,69.7,625135,,82.5
2017,FIPS:15,Hawaii,1427538,17.8,1.6,77765,7.4,59.0,2.6,67.6,13.3,6.1,5.5,4.4,27.0,32.9,1078468,96.2,542955,58.5,458078,,84.5
2017,FIPS:17,Illinois,12802023,15.2,14.2,62992,9.0,60.8,4.0,73.0,7.8,9.6,2.9,4.9,29.1,34.4,9889114,93.2,5359416,66.2,4808672,,83.6
2017,FIPS:18,Indiana,6666818,15.4,9.4,54181,9.2,60.4,3.0,82.4,8.7,0.9,2.1,4.3,23.6,26.8,5089562,91.8,2885342,69.0,2557299,,81.2
2017,FIPS:19,Iowa,3145711,16.7,3.4,58570,6.7,64.8,2.4,81.4,8.0,0.9,3.2,5.1,19.4,28.9,2413716,95.3,1397739,71.6,1257505,,81.8
2017,FIPS:20,Kansas,2913123,15.4,5.7,56422,7.9,63.0,2.8,82.4,8.7,0.4,2.3,4.7,19.1,33.7,2183900,91.3,1273776,65.9,1128983,,83.0
2017,FIPS:21,Kentucky,4454189,15.9,8.1,48375,12.9,55.6,3.2,82.0,9.4,1.1,2.1,3.9,23.3,24.0,3424795,94.6,1984235,66.5,1725034,,78.9
2017,FIPS:22,Louisiana,4684333,14.9,32.5,46145,14.7,54.7,3.8,82.7,9.2,1.1,1.7,3.3,25.3,23.8,3559329,91.6,2061582,65.2,1737123,,75.6
2017,FIPS:23,Maine,1335907,20.0,1.2,56277,6.3,60.3,2.6,78.6,9.4,0.6,4.1,5.9,24.0,32.1,1080264,91.9,742644,73.2,540959,,82.0
2017,FIPS:24,Maryland,6052177,14.9,29.9,80776,6.2,63.8,3.5,73.7,9.1,8.5,2.1,4.9,33.3,39.7,4679385,93.9,2449123,66.7,2207343,,87.7
2017,FIPS:25,Massachusetts,6859819,16.1,7.8,77385,7.2,63.6,3.0,70.0,7.2,10.4,4.8,5.3,29.8,43.4,5484529,97.2,2894590,62.3,2604954,,86.8
2017,FIPS:26,Michigan,9962311,16.7,13.8,54909,9.7,57.8,3.6,82.5,8.7,1.3,2.2,4.2,24.3,29.1,7782358,94.8,4595274,71.3,3930017,,82.8
2017,FIPS:27,Minnesota,5576606,15.4,6.5,68388,5.8,66.9,2.5,78.0,8.2,3.7,2.6,5.9,23.8,36.1,4276588,95.6,2437726,71.6,2162211,,85.9
2018,FIPS:55,Wisconsin,5813568,17.0,6.4,60773,7.0,63.8,2.1,81.7,7.5,1.5,2.9,4.8,22.0,30.0,4537062,94.5,2710718,67.1,2371960,,84.4
2018,FIPS:56,Wyoming,577737,16.7,0.6,61584,7.1,62.5,2.5,75.8,10.2,1.2,4.3,6.2,16.2,26.9,440930,89.5,278615,70.3,230252,,85.7
2018,FIPS:28,Mississippi,2986530,15.9,38.0,44717,15.0,52.1,4.0,85.5,8.9,0.3,1.4,2.6,25.0,23.2,2270255,87.9,1332631,68.2,1108630,,76.3
2018,FIPS:29,Missouri,6126452,16.9,11.5,54478,9.0,59.5,2.6,82.2,8.4,1.3,2.0,4.8,24.0,29.5,4731982,90.6,2806296,66.8,2434806,,82.9
2018,FIPS:30,Montana,1062305,18.8,0.5,55328,7.7,61.0,2.2,74.9,9.5,0.8,5.5,7.3,18.6,31.7,829161,91.8,515161,67.5,431421,,83.6
2018,FIPS:31,Nebraska,1929268,15.8,4.7,59566,7.1,66.3,2.4,82.1,8.7,0.6,2.5,5.1,18.8,32.4,1448974,91.7,845011,66.1,765490,,85.7
2018,FIPS:32,Nevada,3034392,15.7,9.2,58646,9.1,59.7,3.5,78.3,10.5,2.9,1.8,4.2,24.9,24.9,2336743,88.8,1268717,56.8,1129810,,85.9
2018,FIPS:33,New Hampshire,1356458,18.1,1.7,74991,4.7,64.5,2.4,80.8,7.4,0.9,2.6,6.9,27.6,36.8,1096924,94.3,638112,71.3,531212,,89.1
2018,FIPS:34,New Jersey,8908520,16.1,13.6,81740,6.9,62.5,3.2,70.9,8.2,11.7,2.6,4.7,32.4,40.8,6946512,92.6,3628198,64.0,3249567,,88.0
2018,FIPS:35,New Mexico,2095428,17.6,2.2,47169,15.1,52.3,3.4,79.3,11.2,1.1,1.8,5.1,23.0,27.7,1605886,90.5,943232,66.2,794093,,76.9
2018,FIPS:36,New York,19542209,16.4,15.7,67844,10.0,59.6,3.1,53.1,6.3,28.0,6.0,4.5,34.0,37.2,15455196,94.6,8363847,53.7,7367015,,85.3
2018,FIPS:37,North Carolina,10383620,16.3,21.4,53855,10.2,58.3,3.1,80.6,9.3,1.0,1.8,6.0,24.8,31.9,7996355,89.3,4684962,65.1,4011462,,83.5
2018,FIPS:38,North Dakota,760077,15.3,3.4,63837,5.7,66.6,1.9,82.2,8.7,0.7,3.4,3.7,17.7,29.7,579101,92.7,377661,62.5,319355,,80.3
2018,FIPS:39,Ohio,11689442,17.1,12.4,56111,9.7,59.9,3.1,82.4,8.2,1.6,2.2,4.4,23.6,29.0,9090982,93.5,5217617,65.9,4685447,,84.5
2018,FIPS:40,Oklahoma,3943079,15.7,7.3,51924,11.4,58.0,2.6,82.5,9.5,0.5,2.0,4.1,22.1,25.6,2968153,85.8,1743073,65.4,1485310,,81.9
2018,FIPS:41,Oregon,4190713,17.6,2.0,63426,8.0,59.4,3.1,71.7,9.5,4.2,3.9,7.5,23.8,34.0,3315485,92.9,1788743,62.5,1639970,,87.9
2018,FIPS:42,Pennsylvania,12807060,18.2,11.2,60905,8.1,59.7,3.1,75.6,8.5,5.8,3.5,5.1,27.2,31.8,10153364,94.5,5713136,68.6,5070931,,84.1
2018,FIPS:44,Rhode Island,1057315,17.3,6.7,64340,9.1,59.8,3.5,81.3,8.1,2.2,3.4,3.7,25.0,34.4,849373,95.9,469153,61.8,406573,,85.3
2018,FIPS:45,South Carolina,5084127,17.7,26.6,52306,10.8,56.4,3.1,81.4,9.4,0.6,2.1,5.0,25.1,28.3,3948709,89.5,2318291,69.3,1927991,,81.5
2018,FIPS:46,South Dakota,882235,16.6,2.2,56274,8.0,65.7,2.0,81.1,8.8,0.2,2.8,6.2,17.3,29.2,664850,90.2,397506,67.9,345449,,82.1
2018,FIPS:47,Tennessee,6770010,16.3,16.8,52375,11.3,57.7,3.4,83.1,9.0,0.6,1.3,4.7,25.4,27.5,5244775,89.9,2992412,66.2,2603140,,82.1
2018,FIPS:48,Texas,28701845,12.5,12.3,60629,11.4,61.0,3.1,80.7,9.8,1.3,1.5,5.2,26.7,30.3,21221287,82.3,11101498,61.7,9776083,,84.5
2018,FIPS:50,Vermont,626299,19.8,1.2,60782,6.2,63.0,2.5,75.4,9.0,0.9,5.2,7.5,23.6,38.7,510015,96.0,337133,72.2,261373,,82.5
2018,FIPS:49,Utah,3161105,11.1,1.3,71414,6.1,65.8,2.2,75.7,11.1,2.2,2.4,6.9,22.0,34.9,2225558,90.6,1108739,70.5,998891,,90.0
2018,FIPS:51,Virginia,8517685,15.5,19.2,72577,7.1,61.0,2.7,76.7,9.1,4.5,2.2,5.6,28.7,39.3,6530057,91.2,3538985,65.9,3175524,,85.6
2018,FIPS:53,Washington,7535591,15.4,3.9,74073,6.3,61.0,2.7,71.0,9.8,7.0,3.7,6.5,28.4,36.7,5824043,93.6,3148084,62.8,2895575,,90.0
2018,FIPS:54,West Virginia,1805832,20.0,3.8,44097,13.0,49.9,3.1,83.3,8.6,0.9,2.6,3.4,26.5,21.3,1441554,93.6,893742,72.5,734703,,79.0
2018,FIPS:01,Alabama,4887871,17.0,26.7,49861,12.2,53.3,3.2,86.3,7.9,0.3,1.1,3.5,25.2,25.5,3786286,90.0,2274711,68.0,1855184,,79.3
2018,FIPS:02,Alaska,737438,11.9,3.4,74346,7.5,60.4,4.4,68.0,12.3,1.2,7.8,5.3,19.1,30.2,536272,87.4,318352,65.6,254551,,87.5
2018,FIPS:04,Arizona,7171646,17.6,4.7,59246,9.9,56.3,3.2,76.1,11.0,1.7,1.7,6.8,25.7,29.7,5510663,89.4,3035902,64.8,2614298,,86.2
2018,FIPS:05,Arkansas,3013825,16.8,15.2,47062,12.7,55.1,2.6,82.6,10.4,0.4,1.5,3.7,21.7,23.3,2306307,91.8,1380521,65.8,1156347,,76.9
2018,FIPS:06,California,39557045,14.3,5.8,75277,9.1,60.0,3.5,73.8,10.0,4.9,2.6,6.0,30.2,34.2,30441085,92.8,14277867,54.8,13072122,,88.7
2018,FIPS:08,Colorado,5695564,14.2,4.2,71953,6.2,65.3,2.7,74.9,8.6,2.8,3.0,8.6,25.9,41.7,4395702,92.5,2424128,65.1,2176757,,89.4
2018,FIPS:10,Delaware,967171,18.7,22.5,64805,8.4,58.2,3.5,79.6,9.1,2.2,2.4,5.7,26.4,31.3,760607,94.3,438659,71.0,367671,,88.4
2018,FIPS:09,Connecticut,3572665,17.2,11.0,76348,7.1,62.1,3.6,77.9,8.1,4.4,2.6,5.7,26.8,39.6,2830420,94.7,1521123,65.8,1378091,,87.0
2018,FIPS:12,Florida,21299325,20.5,16.0,55462,9.7,55.4,3.0,79.1,9.4,1.7,1.4,6.2,28.0,30.4,17020961,87.0,9547762,65.9,7809358,,85.2
2018,FIPS:13,Georgia,10519475,13.8,31.6,58756,10.8,59.6,3.0,79.4,9.4,2.0,1.5,5.9,29.0,31.9,7973719,86.3,4326266,63.8,3803012,,83.7
2018,FIPS:16,Idaho,1754208,15.9,0.7,55583,8.2,59.4,2.5,79.7,8.9,0.8,2.5,6.2,21.0,27.7,1305463,88.9,735703,70.7,640270,,86.2
2018,FIPS:15,Hawaii,1420491,18.4,2.0,80212,5.7,59.7,2.4,67.3,14.7,5.7,3.7,5.4,27.6,33.5,1076576,95.9,546261,58.3,455309,,85.7
2018,FIPS:17,Illinois,12741080,15.6,14.1,65030,8.5,61.6,3.6,72.7,8.3,9.4,2.8,5.1,29.4,35.1,9871480,93.0,5376176,66.0,4864864,,85.1
2018,FIPS:18,Indiana,6691878,15.7,9.5,55746,9.3,61.1,2.8,82.9,8.9,0.9,1.9,3.9,23.9,27.1,5121007,91.7,2903576,68.9,2599169,,82.8
2018,FIPS:19,Iowa,3156145,17.0,3.6,59955,7.2,64.5,2.4,81.6,8.1,1.0,3.0,5.1,19.5,29.0,2421401,95.3,1409568,71.3,1267873,,83.6
2018,FIPS:20,Kansas,2911510,15.9,5.9,58218,8.0,63.1,2.5,82.0,9.3,0.5,2.2,4.8,19.7,33.8,2190632,91.2,1280553,66.2,1133408,,84.3
2018,FIPS:21,Kentucky,4468402,16.4,7.9,50247,12.6,55.9,3.1,82.4,9.4,1.0,2.0,4.1,23.5,24.8,3449056,94.4,1995187,67.4,1732713,,81.7
2018,FIPS:22,Louisiana,4659978,15.5,32.4,47905,13.6,54.7,3.7,82.7,9.0,1.2,1.8,3.4,26.3,24.3,3546810,92.0,2076136,65.5,1737220,,78.1
2018,FIPS:23,Maine,1338404,20.6,1.4,55602,7.3,60.6,2.2,77.8,9.9,0.6,4.1,6.0,24.1,31.5,1088320,92.0,746592,71.2,570307,,84.0
2018,FIPS:24,Maryland,6042718,15.4,30.0,83242,6.0,63.7,3.3,74.3,8.8,7.9,2.1,5.2,33.3,40.8,4671973,94.0,2458779,66.9,2215935,,88.2
2018,FIPS:25,Massachusetts,6902149,16.5,7.8,79835,6.5,63.5,3.2,69.8,7.4,10.2,5.1,5.3,30.5,44.5,5530966,97.2,2915043,61.8,2624294,,87.9
2018,FIPS:26,Michigan,9995915,17.2,13.8,56697,9.5,58.2,3.3,82.0,8.9,1.4,2.3,4.1,24.7,29.6,7827910,94.6,4614552,71.2,3957466,,84.1
2018,FIPS:27,Minnesota,5611179,15.8,6.6,70315,5.7,66.8,2.4,77.7,8.4,3.5,2.8,6.1,23.8,36.7,4306817,95.6,2455637,71.5,2194452,,86.8
2019,FIPS:28,Mississippi,2976149,16.4,38.0,45792,14.8,52.6,3.7,84.8,8.9,0.2,1.1,3.1,25.1,85.3,22.3,87.0,1339047,67.3,1100229,,87.6
2019,FIPS:29,Missouri,6137428,17.2,11.5,57409,8.8,59.8,2.4,82.1,8.4,1.1,2.1,5.1,24.3,90.7,30.2,90.0,2819334,67.1,2458337,,91.8
2019,FIPS:30,Montana,1068778,19.5,0.7,57153,7.9,59.8,2.5,76.2,9.9,0.9,4.2,6.5,19.5,94.2,33.6,91.7,519938,68.9,437651,,92.4
2019,FIPS:31,Nebraska,1934408,16.1,4.9,63229,6.2,66.8,2.3,81.8,9.0,0.8,2.8,4.6,19.5,92.0,33.2,91.7,851167,66.3,771444,,92.7
2019,FIPS:32,Nevada,3080156,16.2,9.6,63276,8.7,60.0,3.2,77.0,10.6,3.1,1.6,4.9,25.6,86.9,25.7,88.6,1285681,56.6,1143557,,94.2
2019,FIPS:33,New Hampshire,1359711,18.6,1.6,77933,4.2,64.7,2.0,80.4,7.8,0.9,2.4,7.3,28.0,93.3,37.6,93.7,642298,71.0,541396,,93.7
2019,FIPS:34,New Jersey,8882190,16.6,13.6,85751,6.2,62.7,3.1,71.0,7.9,11.6,2.7,4.9,33.1,90.3,41.2,92.1,3641854,63.3,3286264,,93.6
2019,FIPS:35,New Mexico,2096829,18.0,2.3,51945,13.7,54.1,3.1,80.7,9.4,1.1,2.0,5.1,22.6,85.9,27.7,90.0,948470,68.1,793420,,89.1
2019,FIPS:36,New York,19453561,16.9,15.9,72108,9.3,60.5,2.8,52.8,6.3,27.7,6.2,4.8,34.0,87.6,37.8,94.8,8404205,53.5,7446812,,91.9
2019,FIPS:37,North Carolina,10488084,16.7,21.5,57341,9.6,58.4,2.8,80.2,8.7,1.1,1.8,6.7,25.7,88.6,32.3,88.7,4748148,65.3,4046348,,92.2
2019,FIPS:38,North Dakota,762062,15.8,2.9,64577,6.5,67.3,1.8,82.5,8.5,0.7,3.2,3.6,17.9,93.5,30.4,93.1,379974,61.3,323519,,92.3
2019,FIPS:39,Ohio,11689100,17.5,12.6,58642,9.2,60.5,2.9,82.4,8.0,1.5,2.3,4.6,24.3,90.8,29.3,93.4,5232943,66.0,4730340,,91.8
2019,FIPS:40,Oklahoma,3956971,16.1,7.3,54449,10.8,57.6,2.6,82.7,9.5,0.4,1.5,4.4,22.7,88.4,26.2,85.7,1749520,65.5,1495151,,92.1
2019,FIPS:41,Oregon,4217737,18.2,1.8,67058,6.6,59.3,3.1,71.5,9.5,4.7,3.8,7.3,24.2,91.4,34.5,92.8,1808482,62.9,1649352,,95.0
2019,FIPS:42,Pennsylvania,12801989,18.7,11.4,63463,8.2,60.0,2.8,75.2,8.4,5.7,3.6,5.4,27.8,91.0,32.3,94.2,5732580,68.4,5119249,,90.7
2019,FIPS:44,Rhode Island,1059361,17.7,7.4,71169,6.6,62.2,2.7,79.6,8.2,3.1,3.3,4.5,25.7,89.3,34.8,95.9,470177,61.7,407174,,92.0
2019,FIPS:45,South Carolina,5148714,18.2,26.5,56227,9.8,56.7,2.8,82.1,8.6,0.6,2.0,5.1,26.0,88.3,29.6,89.2,2351364,70.3,1975915,,92.0
2019,FIPS:46,South Dakota,884659,17.4,2.4,59533,7.3,65.4,2.0,79.8,9.0,0.4,3.2,6.1,17.9,92.1,29.7,89.8,401749,67.8,353799,,91.5
2019,FIPS:47,Tennessee,6829174,16.7,16.7,56071,10.0,58.6,2.8,82.0,8.9,0.6,1.4,5.6,25.9,88.0,28.7,89.9,3028437,66.5,2654737,,90.5
2019,FIPS:48,Texas,28995881,12.9,12.3,64034,10.5,61.7,2.8,80.1,9.7,1.3,1.5,5.7,27.2,84.6,30.8,81.6,11283892,61.9,9985126,,93.6
2019,FIPS:50,Vermont,623989,20.1,1.5,63001,5.8,63.1,2.2,76.2,8.6,1.6,5.3,7.0,24.0,93.1,38.7,95.5,339412,70.9,262767,,92.1
2019,FIPS:49,Utah,3205958,11.4,1.2,75780,6.1,67.2,2.2,76.1,10.4,2.5,2.0,7.4,22.5,93.0,34.8,90.3,1133543,70.6,1023855,,96.9
2019,FIPS:51,Virginia,8535519,15.9,19.4,76456,6.5,61.5,2.6,76.6,9.0,4.4,2.3,5.8,29.1,90.0,39.6,92.1,3562258,66.1,3191847,,93.0
2019,FIPS:53,Washington,7614893,15.9,4.0,78687,6.2,61.2,2.9,70.9,10.0,7.1,3.5,6.5,28.8,91.7,37.0,93.4,3195098,63.1,2932477,,95.6
2019,FIPS:54,West Virginia,1792147,20.5,3.7,48850,11.1,50.4,3.2,82.0,9.0,0.8,2.9,3.9,26.4,87.1,21.1,93.3,894983,73.4,728175,,87.9
2019,FIPS:55,Wisconsin,5822434,17.5,6.4,64168,6.2,63.8,2.1,80.8,8.0,1.7,3.0,5.1,22.7,92.8,31.3,94.3,2725153,67.2,2386623,,91.7
2019,FIPS:56,Wyoming,578759,17.1,1.2,65003,6.6,61.9,2.3,76.9,11.5,1.2,3.0,5.7,19.1,94.5,29.1,87.7,280281,71.9,233128,,94.6
2019,FIPS:13,Georgia,10617423,14.3,31.9,61980,9.6,59.6,3.0,78.4,9.3,2.0,1.5,6.9,29.3,87.9,32.5,86.6,4378350,64.1,3852714,,92.6
2019,FIPS:16,Idaho,1787065,16.2,0.7,60999,7.4,61.2,2.1,78.3,9.2,0.8,2.7,7.4,21.5,91.5,28.7,89.2,751113,71.6,655859,,94.7
2019,FIPS:15,Hawaii,1415872,19.0,1.9,83102,6.4,58.5,2.4,69.3,13.3,5.4,4.6,4.8,28.1,92.4,33.6,95.8,550328,60.2,465299,,93.0
2019,FIPS:17,Illinois,12671821,16.1,14.1,69187,7.9,61.7,3.1,72.4,7.6,9.6,3.0,5.4,29.6,89.8,35.8,92.6,5388210,66.0,4866006,,92.2
2019,FIPS:18,Indiana,6732219,16.1,9.6,57603,7.8,61.2,2.7,81.6,9.5,0.9,2.3,4.3,24.2,89.6,26.9,91.3,2921115,69.3,2597765,,91.1
2019,FIPS:19,Iowa,3155070,17.5,4.1,61691,7.3,64.3,2.5,80.2,8.6,1.1,3.2,5.8,19.8,92.6,29.3,95.0,1418600,70.5,1287221,,91.4
2019,FIPS:20,Kansas,2913314,16.4,5.7,62087,7.5,63.5,2.5,82.7,8.5,0.5,2.2,5.1,20.0,91.8,34.0,90.8,1288430,66.5,1138329,,92.9
2019,FIPS:21,Kentucky,4467673,16.9,8.1,52295,11.8,55.8,2.8,82.0,9.0,1.0,2.3,4.3,24.2,87.2,25.1,93.6,2006335,67.0,1748732,,90.2
2019,FIPS:22,Louisiana,4648794,16.0,32.4,51073,14.3,55.4,3.2,82.1,8.8,1.2,2.1,3.9,26.6,86.0,25.0,91.1,2089824,66.5,1741076,,89.4
2019,FIPS:23,Maine,1344212,21.3,1.6,58924,6.5,60.7,2.2,78.5,9.5,0.6,3.8,6.3,24.6,93.2,33.2,92.0,750964,72.2,573618,,92.1
2019,FIPS:24,Maryland,6045680,15.9,30.3,86738,5.8,63.7,3.0,73.9,8.7,8.0,2.2,5.5,33.7,90.4,40.9,94.0,2470307,66.8,2226767,,94.3
2019,FIPS:25,Massachusetts,6892503,17.0,7.9,85843,6.0,64.8,2.7,69.6,7.3,10.4,5.0,5.4,31.0,91.3,45.0,97.0,2928818,62.2,2650680,,93.5
2019,FIPS:26,Michigan,9986857,17.7,13.7,59584,8.8,58.7,3.1,81.8,8.9,1.4,2.2,4.5,25.1,91.4,30.0,94.2,4629605,71.6,3969880,,92.3
2019,FIPS:27,Minnesota,5639632,16.3,6.6,74593,5.2,67.2,2.2,77.6,8.2,3.4,2.6,6.4,24.4,93.6,37.3,95.1,2477515,71.9,2222568,,93.6
2019,FIPS:09,Connecticut,3565287,17.6,11.1,78833,6.8,62.3,3.5,78.3,7.5,4.5,2.8,5.6,27.0,90.7,39.8,94.1,1524959,65.0,1377166,,93.1
2019,FIPS:12,Florida,21477737,20.9,16.0,59227,8.7,56.2,2.7,78.1,9.1,1.6,1.6,7.0,28.4,88.4,30.7,86.8,9674053,66.2,7905832,,94.5
2019,FIPS:01,Alabama,4903185,17.4,26.9,51734,11.2,54.7,2.8,85.2,8.7,0.4,1.2,3.4,25.4,87.1,26.3,90.3,2284922,68.8,1897576,,89.4
2019,FIPS:02,Alaska,731545,12.4,3.1,75463,6.6,59.3,3.6,70.0,12.0,1.0,7.1,4.3,20.2,93.6,30.2,87.8,319867,64.7,252199,,95.3
2019,FIPS:04,Arizona,7278717,18.0,4.7,62055,9.5,56.8,3.0,75.6,10.6,1.7,1.9,7.6,26.6,87.6,30.2,88.7,3076048,65.3,2670441,,94.6
2019,FIPS:05,Arkansas,3017804,17.4,15.5,48952,11.7,55.2,2.8,82.4,10.7,0.4,1.9,3.5,21.9,87.5,23.3,90.9,1389159,65.5,1163647,,89.5
2019,FIPS:06,California,39512223,14.8,5.8,80440,8.2,60.3,3.2,73.5,9.8,5.2,2.6,6.3,30.7,84.0,35.0,92.3,14367012,54.9,13157873,,95.1
2019,FIPS:08,Colorado,5758736,14.7,4.2,77127,5.8,65.3,2.5,74.2,8.6,3.2,2.7,9.1,26.5,92.4,42.7,92.0,2464109,65.9,2235103,,95.7
2019,FIPS:10,Delaware,973764,19.5,22.5,70176,7.6,58.8,2.9,80.7,8.5,2.4,2.3,5.2,26.7,90.3,33.2,93.4,443764,70.3,376239,,94.1
2021,FIPS:01,Alabama,5039877,17.6,25.9,53913,11.7,54.1,3.1,80.5,7.6,0.2,0.9,9.6,25.3,87.9,27.4,90.1,2313616,70.0,1967559,,1967559
2021,FIPS:04,Arizona,7276316,18.3,4.5,69056,9.1,56.6,3.5,65.8,8.9,0.9,1.6,20.7,24.8,89.0,32.4,89.3,3138685,67.6,2817723,,2817723
2021,FIPS:05,Arkansas,3025891,17.4,14.8,52528,11.6,55.0,3.2,78.9,8.8,0.2,1.3,9.7,22.2,88.7,25.3,90.8,1380768,67.0,1183675,,1183675
2021,FIPS:06,California,39237836,15.2,5.5,84907,9.0,57.6,5.2,63.7,8.4,2.1,2.1,21.4,27.6,84.4,36.2,93.0,14512149,55.9,13429063,,13429063
2021,FIPS:08,Colorado,5812069,15.1,3.9,82254,6.2,63.6,3.6,63.7,7.1,1.3,2.3,23.7,25.0,92.4,44.4,92.0,2540783,66.8,2313042,,2313042
2021,FIPS:09,Connecticut,3605597,18.0,10.6,83771,6.7,60.9,4.4,66.6,7.4,2.5,2.5,19.5,25.6,91.1,42.1,94.8,1536327,66.6,1428313,,1428313
2021,FIPS:10,Delaware,1003384,20.1,20.8,71091,8.6,56.2,3.3,70.5,6.3,1.6,1.3,18.6,25.4,91.4,35.6,94.3,457978,72.6,395656,,395656
2021,FIPS:12,Florida,21781128,21.1,15.1,63062,9.4,55.4,3.3,70.5,8.5,1.0,1.3,16.6,27.1,89.8,33.2,87.9,10054509,67.4,8565329,,8565329
2021,FIPS:13,Georgia,10799566,14.7,30.8,66559,10.6,58.7,3.4,70.0,8.3,0.7,1.2,18.2,27.1,89.0,34.6,87.4,4475242,66.0,4001109,,4001109
2021,FIPS:15,Hawaii,1441553,19.6,2.0,84857,8.0,54.6,4.6,65.3,13.9,3.3,4.0,10.7,25.3,92.9,35.3,96.1,564878,62.6,490080,,490080
2021,FIPS:16,Idaho,1900923,16.5,0.7,66474,7.7,60.7,2.1,74.4,8.2,0.5,1.9,13.3,21.6,91.3,30.7,91.2,775330,71.9,693882,,693882
2021,FIPS:17,Illinois,12671469,16.6,13.6,72205,8.6,59.6,4.7,64.9,7.4,3.8,2.6,19.3,26.8,90.2,37.1,93.0,5440294,67.5,4991641,,4991641
2021,FIPS:18,Indiana,6805985,16.4,8.8,62743,8.3,60.3,3.0,76.6,7.8,0.6,2.0,11.9,23.8,90.6,28.9,92.5,2950121,71.1,2680694,,2680694
2021,FIPS:19,Iowa,3193079,17.8,3.6,65600,6.9,63.6,2.4,74.4,7.5,0.5,2.8,13.4,19.7,93.3,30.5,95.2,1426039,71.9,1300467,,1300467
2021,FIPS:20,Kansas,2934582,16.7,5.3,64124,8.0,62.1,2.8,74.4,7.9,0.3,2.2,13.8,19.6,91.9,35.4,90.8,1284353,67.0,1159026,,1159026
2021,FIPS:21,Kentucky,4509394,17.0,7.2,55573,12.2,55.1,3.2,76.4,8.4,0.5,2.0,11.5,23.6,88.0,27.0,94.3,2008227,68.7,1785682,,1785682
2021,FIPS:22,Louisiana,4624047,16.6,31.2,52087,15.2,53.4,4.4,79.3,8.3,0.7,1.4,8.4,25.5,86.7,26.4,92.4,2093387,67.3,1783924,,1783924
2021,FIPS:23,Maine,1372247,21.7,1.5,64767,7.2,58.2,3.0,69.2,7.7,0.3,3.8,17.7,24.2,94.5,36.0,94.3,744620,74.8,593626,,593626
2021,FIPS:24,Maryland,6165129,16.3,29.4,90203,7.4,61.9,3.9,62.2,7.0,3.0,1.8,24.0,29.3,91.1,42.5,93.9,2546364,67.8,2355652,,2355652
2021,FIPS:25,Massachusetts,6984723,17.4,6.7,89645,7.1,62.3,4.4,59.5,6.3,4.5,3.7,23.7,27.5,91.1,46.6,97.5,3017772,63.2,2759018,,2759018
2021,FIPS:26,Michigan,10050811,18.1,13.4,63498,9.0,56.6,4.2,72.5,7.2,0.8,1.8,16.4,23.8,92.0,31.7,95.0,4590384,73.2,4051798,,4051798
2021,FIPS:27,Minnesota,5707390,16.8,6.8,77720,5.5,65.0,3.3,66.5,7.1,1.4,2.5,20.9,22.2,94.1,38.9,95.5,2517173,73.0,2281033,,2281033
2021,FIPS:28,Mississippi,2949965,16.8,36.1,48716,14.4,52.5,3.6,83.0,7.8,0.2,1.0,6.3,25.2,86.5,24.8,88.1,1332041,69.7,1129611,,1129611
2021,FIPS:29,Missouri,6168187,17.6,10.8,61847,8.4,59.4,2.9,73.9,7.6,0.8,1.8,14.7,23.1,91.6,31.7,90.6,2807632,68.8,2468726,,2468726
2021,FIPS:30,Montana,1104271,19.7,0.5,63249,7.2,58.9,2.4,71.3,8.7,0.4,3.6,14.0,19.1,94.4,34.8,91.8,521916,69.5,448949,,448949
2021,FIPS:31,Nebraska,1963692,16.4,4.7,66817,6.7,66.4,1.8,75.0,8.0,0.4,2.4,12.8,19.3,92.2,34.4,92.9,854298,67.8,785982,,785982
2021,FIPS:32,Nevada,3143991,16.5,9.2,66274,10.6,56.4,6.1,70.4,10.3,2.0,1.3,13.0,24.6,87.2,27.6,88.4,1305534,59.1,1191380,,1191380
2021,FIPS:33,New Hampshire,1388992,19.3,1.5,88465,4.8,64.1,2.4,70.0,7.0,0.3,2.2,19.3,25.7,94.4,40.2,94.9,643979,72.5,548026,,548026
2021,FIPS:34,New Jersey,9267130,16.9,12.9,89296,7.4,60.2,5.3,59.9,7.1,5.9,2.4,22.1,28.6,91.0,43.1,92.8,3779591,64.4,3497945,,3497945
2021,FIPS:35,New Mexico,2115877,18.5,2.0,53992,14.3,51.7,4.4,72.2,8.5,0.4,1.6,15.2,23.2,87.5,30.1,90.0,948042,69.5,834007,,834007
2021,FIPS:36,New York,19835913,17.5,14.2,74314,10.1,56.9,5.5,49.2,5.9,17.3,5.3,19.6,31.4,88.0,39.9,94.8,8530561,55.4,7652666,,7652666
2021,FIPS:37,North Carolina,10551162,17.0,20.1,61972,9.4,57.4,3.5,70.4,7.5,0.5,1.4,18.8,24.5,89.7,34.9,89.6,4801698,66.9,4179632,,4179632
2021,FIPS:38,North Dakota,774948,16.0,2.9,66519,6.3,64.6,1.9,78.5,7.7,0.3,3.0,8.9,17.5,93.6,31.7,92.1,374435,63.1,322511,,322511
2021,FIPS:39,Ohio,11780017,17.8,11.9,62262,9.4,59.1,3.4,73.9,7.2,0.8,1.8,14.8,23.1,91.7,30.7,93.5,5269498,67.2,4832922,,4832922
2021,FIPS:40,Oklahoma,3986639,16.2,6.9,55826,11.5,56.7,3.6,77.2,8.7,0.2,1.8,10.4,22.0,88.7,27.9,86.2,1762113,65.5,1547967,,1547967
2021,FIPS:41,Oregon,4246155,18.6,1.9,71562,7.6,57.6,3.9,62.6,7.8,1.7,3.0,22.7,22.6,91.9,36.3,93.9,1837009,63.8,1702599,,1702599
2021,FIPS:42,Pennsylvania,12964056,19.0,10.4,68957,8.3,58.4,4.0,66.8,7.0,2.8,2.9,18.7,25.7,91.9,34.5,94.5,5770472,69.9,5228956,,5228956
2021,FIPS:44,Rhode Island,1095610,18.3,5.0,74008,7.0,59.8,5.0,69.3,7.6,1.2,2.6,17.5,24.8,89.1,36.5,95.7,484925,63.3,440170,,440170
2021,FIPS:45,South Carolina,5190705,18.6,25.0,59318,10.8,55.5,3.3,76.6,8.1,0.3,1.6,11.7,25.6,89.6,31.5,90.0,2395957,71.8,2049972,,2049972
2021,FIPS:46,South Dakota,895376,17.6,2.0,66143,7.9,64.2,1.8,76.1,7.8,0.4,3.2,11.1,17.4,93.1,31.7,90.5,400688,69.4,356887,,356887
2021,FIPS:47,Tennessee,6975218,17.0,15.5,59695,9.7,57.7,3.2,75.8,7.5,0.4,1.1,14.0,25.2,89.7,30.5,90.0,3087992,67.5,2770395,,2770395
2021,FIPS:48,Texas,29527941,13.2,11.9,66963,11.0,60.2,4.0,70.7,9.1,0.8,1.3,16.3,25.9,85.4,33.1,82.0,11867820,62.6,10796247,,10796247
2021,FIPS:49,Utah,3337975,11.6,1.1,79449,5.9,66.0,2.4,66.3,8.8,1.3,1.9,20.0,21.4,93.2,36.8,91.0,1190154,69.7,1101499,,1101499
2021,FIPS:50,Vermont,645570,20.6,1.1,72431,6.3,61.4,2.7,67.2,7.4,0.5,3.9,19.6,23.0,94.5,44.4,96.3,336747,72.7,270163,,270163
2021,FIPS:51,Virginia,8642274,16.3,18.4,80963,6.9,60.3,3.0,65.6,7.0,1.5,2.0,22.3,26.4,91.4,41.8,93.2,3652329,67.6,3331461,,3331461
2021,FIPS:53,Washington,7738692,16.2,4.0,84247,6.5,59.1,3.7,62.0,7.1,2.1,2.8,24.2,26.0,92.3,39.0,93.6,3257140,64.0,3022255,,3022255
2021,FIPS:54,West Virginia,1782959,20.7,2.8,51248,12.3,49.2,3.3,77.1,8.8,0.4,2.1,10.2,25.7,88.8,24.1,93.9,858462,75.2,722201,,722201
2021,FIPS:55,Wisconsin,5895908,17.9,6.2,67125,6.8,62.7,2.3,73.4,6.6,0.9,2.7,14.8,21.9,93.3,32.5,94.6,2748274,68.1,2449970,,2449970
2021,FIPS:56,Wyoming,578803,17.9,1.2,65204,7.8,62.3,2.4,75.9,9.2,0.8,3.4,8.9,18.3,93.6,29.2,87.8,274373,71.4,242763,,242763
2021,FIPS:02,Alaska,732673,13.4,3.0,77845,7.1,57.4,4.3,66.2,11.1,0.9,6.8,10.3,19.8,93.3,32.8,88.6,327889,66.8,271311,,271311
2022,FIPS:01,Alabama,5074296,18.0,25.7,59674,12.0,55.7,2.5,80.5,7.9,0.3,1.2,8.9,25.4,88.8,28.8,91.2,2339582,70.2,2016448,,2016448
2022,FIPS:02,Alaska,733583,13.8,3.0,88121,7.3,59.9,2.9,64.2,12.3,1.2,7.3,9.5,19.4,93.3,30.6,89.0,329160,66.1,274574,,274574
2022,FIPS:04,Arizona,7359197,18.8,4.6,74568,8.9,57.7,2.6,66.1,9.8,0.8,1.7,19.2,24.9,89.2,33.0,89.7,3186554,67.4,2850377,,2850377
2022,FIPS:05,Arkansas,3045637,17.7,14.4,55432,11.8,54.9,2.6,79.8,8.3,0.3,1.5,8.8,22.4,89.1,25.4,91.6,1395735,66.5,1216207,,1216207
2022,FIPS:06,California,39029342,15.8,5.4,91551,8.6,60.0,3.4,65.5,9.8,2.7,2.4,17.2,28.3,84.7,37.0,93.5,14627041,55.8,13550586,,13550586
2022,FIPS:08,Colorado,5839926,15.7,4.0,89302,5.8,65.6,2.4,64.7,7.9,1.6,2.5,21.2,25.0,93.0,45.9,92.9,2590205,66.4,2384584,,2384584
2022,FIPS:09,Connecticut,3626205,18.3,10.5,88429,6.5,62.3,3.1,69.0,7.7,3.3,2.7,15.9,26.8,91.5,41.9,94.8,1540292,66.3,1433635,,1433635
2022,FIPS:10,Delaware,1018396,20.8,22.1,82174,6.5,59.7,2.7,72.8,7.1,1.4,2.1,15.1,26.1,92.0,36.5,94.4,465804,74.1,402334,,402334
2022,FIPS:12,Florida,22244823,21.6,15.0,69303,9.0,56.8,2.4,69.7,9.0,1.2,1.4,16.4,28.0,89.9,34.3,88.8,10257553,67.2,8826394,,8826394
2022,FIPS:13,Georgia,10912876,15.1,31.0,72837,9.4,60.6,2.6,70.5,9.0,1.1,1.3,16.3,28.2,89.5,34.7,88.3,4539156,65.9,4092467,,4092467
2022,FIPS:15,Hawaii,1440196,20.5,1.8,92458,6.6,57.4,2.2,64.1,15.0,3.5,4.5,9.5,26.1,92.9,35.4,96.5,568058,62.6,494827,,494827
2022,FIPS:16,Idaho,1939033,17.0,0.7,72785,6.8,60.2,1.8,72.4,8.8,0.6,2.9,13.1,22.1,92.0,32.3,91.8,796968,72.3,717151,,717151
2022,FIPS:17,Illinois,12582032,17.2,13.4,76708,8.3,61.7,3.1,66.1,7.9,5.6,2.6,15.8,27.9,90.4,37.7,93.4,5452461,67.1,5056360,,5056360
2022,FIPS:18,Indiana,6833037,16.9,9.3,66785,8.8,61.5,2.3,75.7,9.7,0.7,1.9,10.5,24.1,90.2,29.6,93.0,2977176,70.8,2726489,,2726489
2022,FIPS:19,Iowa,3200517,18.4,3.8,69588,6.8,64.5,2.0,76.1,8.0,0.8,2.9,11.0,19.7,93.5,32.3,95.5,1438456,72.0,1330995,,1330995
2022,FIPS:20,Kansas,2937150,17.2,5.2,68925,7.7,62.5,2.4,75.3,8.3,0.5,2.2,12.1,19.6,92.1,35.6,91.4,1292571,67.7,1175294,,1175294
2022,FIPS:21,Kentucky,4512310,17.5,7.7,59341,11.9,56.8,2.6,76.0,9.9,0.5,1.9,10.5,24.1,89.0,27.9,94.4,2023679,68.8,1828680,,1828680
2022,FIPS:22,Louisiana,4590241,17.0,31.1,55416,14.0,55.7,3.2,78.5,8.5,0.8,2.1,8.2,25.6,87.3,27.1,93.1,2113178,67.6,1816902,,1816902
2022,FIPS:23,Maine,1385340,22.6,1.6,69543,6.2,59.5,2.0,70.0,8.2,0.5,3.8,15.7,24.7,94.6,36.1,93.4,751697,74.1,605338,,605338
2022,FIPS:24,Maryland,6164660,16.9,29.6,94991,6.6,63.7,2.6,65.1,7.9,4.0,1.8,19.2,30.8,91.4,43.8,93.9,2559057,67.7,2375984,,2375984
2022,FIPS:25,Massachusetts,6981974,18.0,7.1,94488,6.9,64.0,2.7,61.5,7.1,6.2,4.0,18.4,28.6,91.3,46.6,97.6,3036303,62.2,2797776,,2797776
2022,FIPS:26,Michigan,10034118,18.7,13.2,66986,9.1,58.7,2.9,74.0,7.9,0.8,2.0,13.7,24.2,91.8,32.1,95.5,4605363,73.2,4089794,,4089794
2022,FIPS:27,Minnesota,5717184,17.4,7.0,82338,6.0,65.7,2.2,69.3,7.7,1.6,2.6,17.2,22.8,94.0,39.1,95.5,2547867,72.1,2322190,,2322190
2022,FIPS:28,Mississippi,2940057,17.5,36.6,52719,14.2,53.7,2.8,81.9,9.6,0.3,1.5,5.5,25.5,87.6,24.8,89.2,1342764,69.9,1148340,,1148340
2022,FIPS:29,Missouri,6177957,18.0,10.7,64811,8.7,60.1,2.3,75.4,7.9,0.8,1.6,12.9,23.7,91.6,32.2,91.4,2826295,67.6,2521832,,2521832
2022,FIPS:30,Montana,1122867,20.1,0.3,67631,7.3,61.1,1.9,69.4,10.9,0.5,4.4,12.6,19.0,94.0,34.6,91.7,529167,68.8,464072,,464072
2022,FIPS:31,Nebraska,1967923,17.0,4.7,69597,7.7,66.2,1.6,76.5,8.7,0.4,2.3,10.8,18.8,92.8,34.7,93.3,863831,66.0,803157,,803157
2022,FIPS:32,Nevada,3177772,16.9,9.4,72333,9.1,59.3,3.4,70.0,11.2,2.2,1.4,12.2,24.5,87.4,27.0,88.9,1328788,60.3,1198356,,1198356
2022,FIPS:33,New Hampshire,1395231,20.2,1.4,89992,4.1,64.0,1.7,71.1,7.9,0.3,2.1,17.3,26.7,94.5,41.3,95.1,648571,72.3,557220,,557220
2022,FIPS:34,New Jersey,9261699,17.4,12.6,96346,6.8,62.7,3.3,61.5,8.3,8.0,3.0,16.7,30.3,90.7,43.5,93.2,3785097,64.6,3516978,,3516978
2022,FIPS:35,New Mexico,2113344,19.2,2.1,59726,12.6,54.8,2.8,73.3,10.1,0.7,2.2,12.0,23.7,88.0,30.5,91.8,956743,70.9,848218,,848218
2022,FIPS:36,New York,19677151,18.1,14.4,79557,10.3,59.4,3.2,49.0,6.5,21.5,5.6,14.5,33.0,87.9,40.0,95.1,8585784,54.1,7774308,,7774308
2022,FIPS:37,North Carolina,10698973,17.4,20.4,67481,9.3,59.2,2.3,71.2,8.5,0.5,1.6,16.8,25.1,90.2,35.9,90.7,4892627,66.7,4299266,,4299266
2022,FIPS:38,North Dakota,779261,16.7,3.3,71970,6.5,66.1,1.5,78.8,8.8,0.3,3.4,7.6,18.3,93.9,31.8,93.6,377722,65.1,331481,,331481
2022,FIPS:39,Ohio,11756058,18.4,12.0,65720,9.3,60.6,2.3,74.8,7.8,1.0,1.9,13.0,23.5,91.8,32.0,94.1,5293227,67.3,4878206,,4878206
2022,FIPS:40,Oklahoma,4019800,16.5,6.8,59673,11.4,57.8,2.5,77.8,9.4,0.3,1.7,9.4,22.7,89.6,28.5,88.3,1776732,65.4,1573180,,1573180
2022,FIPS:41,Oregon,4240137,19.3,2.0,75657,7.7,59.7,2.7,64.1,8.6,2.1,3.6,19.0,22.8,91.6,36.3,94.0,1859349,62.8,1726340,,1726340
2022,FIPS:42,Pennsylvania,12972008,19.6,10.5,71798,7.9,60.1,2.7,68.8,7.5,3.4,3.2,15.2,26.4,92.2,35.1,94.7,5815191,69.1,5294065,,5294065
2022,FIPS:44,Rhode Island,1093734,18.8,5.5,81854,6.7,61.2,2.9,72.4,7.7,1.4,2.9,13.4,25.4,90.5,39.6,95.8,486017,63.3,446688,,446688
2022,FIPS:45,South Carolina,5282634,19.1,25.1,64115,10.0,57.1,2.6,76.4,8.5,0.4,1.6,11.4,25.6,90.5,32.6,90.9,2446680,72.0,2136080,,2136080
2022,FIPS:46,South Dakota,909824,18.2,2.0,69728,7.7,64.3,1.9,78.5,7.1,0.5,2.5,9.9,18.2,93.2,31.6,91.9,408009,69.6,368300,,368300
2022,FIPS:47,Tennessee,7051339,17.3,15.6,65254,9.6,59.9,2.1,75.0,8.6,0.4,1.2,13.3,25.5,90.4,31.1,90.7,3144583,67.2,2846684,,2846684
2022,FIPS:48,Texas,30029572,13.4,12.1,72284,10.9,62.1,2.9,71.2,10.0,0.8,1.5,14.5,26.7,86.1,33.9,83.4,12135376,62.5,11087708,,11087708
2022,FIPS:49,Utah,3380800,11.9,1.1,89168,5.6,67.8,1.9,67.4,9.9,1.4,1.8,18.0,21.6,93.0,37.9,91.9,1228707,71.2,1129660,,1129660
2022,FIPS:50,Vermont,647064,21.6,1.0,73991,6.6,62.8,1.8,69.8,7.3,0.6,4.2,16.5,23.2,95.0,44.2,96.1,338998,73.7,277090,,277090
2022,FIPS:51,Virginia,8683619,16.8,18.7,85873,7.4,61.0,2.3,67.9,8.0,1.9,2.2,18.2,27.1,91.5,42.2,93.5,3685233,67.4,3380607,,3380607
2022,FIPS:53,Washington,7785786,16.8,4.0,91306,6.5,61.1,2.6,62.9,8.7,3.1,3.1,20.5,26.3,92.2,39.5,93.9,3313479,64.2,3079953,,3079953
2022,FIPS:54,West Virginia,1775156,21.2,3.4,54329,13.1,50.2,2.5,78.3,8.3,0.6,2.4,9.1,26.9,89.1,24.8,94.1,861686,74.5,736341,,736341
2022,FIPS:55,Wisconsin,5892539,18.7,6.0,70996,6.8,63.2,1.8,73.9,7.8,1.1,2.7,13.0,22.2,93.5,33.2,94.8,2770355,68.1,2491121,,2491121
2022,FIPS:56,Wyoming,581381,18.6,0.7,70042,8.6,62.5,2.4,76.2,8.2,1.0,3.5,9.1,18.0,93.7,29.6,88.5,277106,72.7,243321,,243321
2023,FIPS:01,Alabama,5108468,18.2,25.4,62212,11.3,55.8,2.3,80.0,8.3,0.3,1.3,8.8,25.5,89.1,28.9,91.5,2360120,70.1,2051545,,2051545
2023,FIPS:02,Alaska,733406,14.0,2.9,86631,7.2,59.8,3.0,65.5,11.6,0.8,7.2,9.0,19.8,93.2,32.2,89.6,329681,66.3,276852,,276852
2023,FIPS:04,Arizona,7431344,19.3,4.8,77315,8.7,57.8,2.6,67.1,10.3,1.2,1.7,17.5,25.7,89.4,33.5,90.1,3239474,67.7,2907014,,2907014
2023,FIPS:05,Arkansas,3067732,18.0,14.4,58700,11.2,56.1,2.4,78.3,9.9,0.3,1.6,8.7,22.7,89.3,26.2,91.1,1409104,66.2,1232871,,1232871
2023,FIPS:06,California,38965193,16.2,5.4,95521,8.5,60.2,3.5,67.1,10.2,3.1,2.5,14.6,29.2,84.8,37.5,93.6,14762527,55.9,13699816,,13699816
2023,FIPS:08,Colorado,5877610,16.1,3.9,92911,5.9,65.4,2.6,66.0,7.9,1.6,2.4,19.9,25.5,93.3,46.4,93.3,2638093,65.7,2428261,,2428261
2023,FIPS:09,Connecticut,3617176,19.1,10.9,91665,7.4,63.1,3.0,69.9,8.3,3.7,2.2,14.3,26.9,91.8,42.9,94.3,1546010,65.7,1442969,,1442969
2023,FIPS:13,Georgia,11029227,15.4,30.8,74632,9.8,60.6,2.8,70.8,9.5,1.1,1.4,15.2,28.7,89.3,35.4,88.6,4610506,66.1,4150138,,4150138
2023,FIPS:10,Delaware,1031890,21.3,22.5,81361,7.4,59.6,2.1,72.1,8.2,2.3,2.1,13.6,26.8,91.4,36.5,93.5,471472,73.6,412048,,412048
2023,FIPS:12,Florida,22610726,21.7,14.9,73311,8.6,57.2,2.5,69.1,9.7,1.4,1.5,15.8,28.5,90.2,34.9,89.3,10451823,68.1,8966402,,8966402
2023,FIPS:15,Hawaii,1435138,21.1,1.7,95322,6.6,57.0,2.1,64.2,15.8,4.1,3.9,8.7,27.0,93.0,37.0,96.8,572042,62.4,493898,,493898
2023,FIPS:16,Idaho,1964726,17.4,0.8,74942,6.5,60.1,2.2,71.0,10.2,0.6,2.8,13.5,21.9,92.2,32.1,91.1,815304,72.5,733244,,733244
2023,FIPS:17,Illinois,12549689,17.6,13.3,80306,8.0,62.1,3.1,66.2,8.3,6.6,2.9,14.0,28.1,90.6,38.3,93.8,5470727,67.4,5071288,,5071288
2023,FIPS:18,Indiana,6862199,17.2,9.0,69477,8.4,61.9,2.3,76.4,9.4,0.7,1.8,10.4,24.3,90.4,30.2,93.1,3002580,70.4,2754881,,2754881
2023,FIPS:19,Iowa,3207004,18.5,4.0,71433,6.9,64.4,1.8,76.2,8.2,0.8,2.8,10.5,20.0,93.3,31.5,95.0,1448736,71.8,1337243,,1337243
2023,FIPS:20,Kansas,2940547,17.6,5.3,70333,7.6,63.2,2.1,76.6,8.8,0.4,2.5,10.4,20.0,91.7,35.8,91.6,1299931,66.7,1188340,,1188340
2023,FIPS:21,Kentucky,4526154,17.8,7.5,61118,12.6,57.4,2.5,76.7,9.9,0.7,1.8,9.5,24.2,89.5,27.8,94.6,2036559,68.8,1853603,,1853603
2023,FIPS:22,Louisiana,4573749,17.4,30.3,58229,13.7,55.9,2.9,78.7,8.6,0.8,1.9,8.1,25.7,87.8,27.0,93.1,2124930,68.1,1833915,,1833915
2023,FIPS:23,Maine,1395722,22.9,1.8,73733,6.8,60.0,2.0,72.2,7.8,0.8,3.3,14.3,24.3,94.9,37.0,94.1,757424,74.4,616085,,616085
2023,FIPS:24,Maryland,6180253,17.3,29.2,98678,6.4,64.1,2.7,65.6,8.3,4.9,2.2,16.9,31.4,91.2,43.7,93.7,2572382,67.9,2384715,,2384715
2023,FIPS:25,Massachusetts,7001399,18.5,7.0,99858,7.0,64.4,2.6,62.8,7.2,7.3,4.2,15.6,29.9,91.4,47.8,97.4,3045867,62.3,2800984,,2800984
2023,FIPS:26,Michigan,10037261,19.3,13.2,69183,9.2,58.9,2.8,75.0,8.4,0.9,2.0,12.2,24.5,92.0,32.7,95.5,4642957,73.7,4107809,,4107809
2023,FIPS:27,Minnesota,5737915,17.9,7.2,85086,5.4,66.2,2.1,69.8,8.0,1.7,2.6,16.1,22.7,94.3,40.0,95.8,2574932,72.0,2344432,,2344432
2023,FIPS:28,Mississippi,2939690,17.6,35.6,54203,13.7,54.3,2.7,80.3,10.3,0.2,1.5,6.4,25.2,87.8,25.5,89.7,1350552,71.1,1166617,,1166617
2023,FIPS:29,Missouri,6196156,18.4,10.8,68545,7.9,61.5,2.2,75.0,8.4,0.8,1.8,12.5,23.5,92.0,33.2,92.5,2844440,68.8,2556271,,2556271
2023,FIPS:30,Montana,1132812,20.5,0.4,70804,7.0,60.8,1.7,72.5,9.4,0.6,4.2,11.3,20.2,94.4,34.6,91.6,535481,69.2,472867,,472867
2023,FIPS:31,Nebraska,1978379,17.2,4.6,74590,6.6,66.8,1.8,76.9,8.6,0.5,2.3,10.1,19.1,92.7,35.3,93.9,873525,66.3,813864,,813864
2023,FIPS:32,Nevada,3194176,17.4,9.4,76364,8.6,60.0,2.9,69.8,12.1,2.3,1.6,11.6,25.5,87.7,28.7,89.2,1348248,60.4,1224685,,1224685
2023,FIPS:33,New Hampshire,1402054,20.7,1.5,96838,4.8,64.7,1.7,72.1,6.8,0.7,2.6,16.1,27.1,94.4,40.7,95.3,653070,72.4,569493,,569493
2023,FIPS:34,New Jersey,9290841,17.7,12.7,99781,7.1,63.6,3.2,63.3,8.0,9.6,2.5,14.0,31.4,90.7,43.8,92.8,3803652,63.7,3538457,,3538457
2023,FIPS:35,New Mexico,2114371,19.9,2.0,62268,14.3,55.0,2.8,74.8,10.1,0.7,1.8,10.7,23.2,87.5,31.6,90.9,965373,69.3,856580,,856580
2023,FIPS:36,New York,19571216,18.6,14.3,82095,10.3,59.7,3.1,49.1,6.4,23.5,5.8,12.4,32.8,88.3,40.6,95.2,8631232,54.1,7809267,,7809267
2023,FIPS:37,North Carolina,10835491,17.7,20.1,70804,9.1,59.5,2.5,71.3,8.5,0.6,1.7,16.1,25.3,90.6,36.8,90.8,4979177,66.3,4392669,,4392669
2023,FIPS:38,North Dakota,783926,17.1,3.1,76525,5.3,65.9,1.9,76.7,10.1,0.2,3.1,8.3,18.5,94.5,33.6,95.5,378124,63.7,338059,,338059
2023,FIPS:39,Ohio,11785935,18.8,11.9,67769,9.2,60.8,2.6,75.4,8.1,1.1,2.0,11.9,23.5,91.9,32.0,93.9,5317134,67.1,4917309,,4917309
2023,FIPS:40,Oklahoma,4053824,16.7,6.8,62138,11.6,57.7,2.8,77.4,9.9,0.3,1.8,9.1,22.6,89.7,28.7,88.6,1788886,65.1,1589105,,1589105
2023,FIPS:41,Oregon,4233358,19.6,2.1,80160,7.7,59.9,2.6,64.6,9.4,2.2,3.4,17.7,23.2,92.0,37.7,94.5,1879510,63.4,1752050,,1752050
2023,FIPS:42,Pennsylvania,12961683,20.0,10.6,73824,8.3,60.0,2.7,68.5,8.2,3.8,3.5,14.1,26.5,92.2,35.3,94.6,5839797,69.5,5324209,,5324209
2023,FIPS:44,Rhode Island,1095962,19.4,5.4,84972,7.3,61.0,3.1,73.0,7.6,1.9,3.0,11.8,25.6,89.6,39.0,95.5,487127,64.0,443980,,443980
2023,FIPS:45,South Carolina,5373555,19.3,24.4,67804,10.0,57.6,2.6,76.1,8.7,0.4,1.5,11.8,25.5,90.2,32.9,90.9,2490327,72.4,2177733,,2177733
2023,FIPS:46,South Dakota,919318,18.4,2.5,71810,7.6,65.1,1.8,76.0,9.1,0.7,3.1,9.8,18.4,93.5,33.3,91.7,417187,69.4,378559,,378559
2023,FIPS:47,Tennessee,7126489,17.5,15.3,67631,10.2,59.9,2.5,75.8,8.3,0.5,1.4,12.8,26.3,90.1,31.7,90.7,3195170,67.3,2889226,,2889226
2023,FIPS:48,Texas,30503301,13.8,12.3,75780,10.3,62.6,2.9,71.7,10.6,0.9,1.4,13.7,27.2,86.3,34.2,83.6,12394809,62.6,11260645,,11260645
2023,FIPS:49,Utah,3417734,12.2,1.1,93421,6.0,67.6,2.3,68.0,10.5,1.6,1.8,16.4,22.6,93.1,38.4,92.0,1258529,70.1,1167591,,1167591
2023,FIPS:50,Vermont,647464,22.2,1.2,81211,4.5,63.2,1.7,68.1,8.5,0.9,4.5,16.2,24.2,95.5,43.7,96.6,341357,73.2,279612,,279612
2023,FIPS:51,Virginia,8715698,17.2,18.4,89931,7.1,61.1,2.3,68.4,8.6,2.5,2.0,16.7,27.5,91.4,42.4,93.6,3717625,67.8,3402670,,3402670
2023,FIPS:53,Washington,7812880,17.1,4.0,94605,6.6,61.1,2.9,64.9,8.9,4.0,3.1,17.3,26.7,92.4,40.5,93.7,3361561,63.7,3101265,,3101265
2023,FIPS:54,West Virginia,1770071,21.5,3.2,55948,11.6,51.7,2.4,77.6,9.8,0.5,2.3,8.3,27.7,89.0,24.0,94.1,863756,73.5,743644,,743644
2023,FIPS:55,Wisconsin,5910955,19.2,5.9,74631,6.6,63.4,1.8,74.9,7.6,1.1,2.6,12.2,22.5,93.7,33.8,95.1,2787388,67.9,2495539,,2495539
2023,FIPS:56,Wyoming,584057,19.2,0.7,72415,7.3,60.7,2.0,72.8,10.5,1.2,3.4,10.2,19.5,93.9,30.4,89.3,280119,71.2,247368,,247368
